{
  "uuid" : "560a2791-1d7c-7fdc-f797-5f59d9d8b2f5",
  "last_modified" : 1647781190924,
  "create_time" : 1647781169944,
  "version" : "4.0.0.0",
  "dataflow" : "741ca86a-1f13-46da-a59f-95fb68615e3a",
  "layout_instances" : [ {
    "layout_id" : 20000020001,
    "build_job_id" : "3d4575a1-d3f1-b89b-486c-32a7b7602d24",
    "rows" : 2037,
    "byte_size" : 167132,
    "file_count" : 1,
    "source_rows" : 2037,
    "source_byte_size" : 0,
    "partition_num" : 1,
    "partition_values" : [ ],
    "is_ready" : false,
    "create_time" : 1647781181210,
    "multi_partition" : [ ]
  }, {
    "layout_id" : 20000000001,
    "build_job_id" : "3d4575a1-d3f1-b89b-486c-32a7b7602d24",
    "rows" : 2037,
    "byte_size" : 23503,
    "file_count" : 1,
    "source_rows" : 2037,
    "source_byte_size" : 0,
    "partition_num" : 1,
    "partition_values" : [ ],
    "is_ready" : false,
    "create_time" : 1647781182136,
    "multi_partition" : [ ]
  }, {
    "layout_id" : 1000001,
    "build_job_id" : "3d4575a1-d3f1-b89b-486c-32a7b7602d24",
    "rows" : 2037,
    "byte_size" : 261435,
    "file_count" : 1,
    "source_rows" : 2037,
    "source_byte_size" : 0,
    "partition_num" : 1,
    "partition_values" : [ ],
    "is_ready" : false,
    "create_time" : 1647781182290,
    "multi_partition" : [ ]
  }, {
    "layout_id" : 20000010001,
    "build_job_id" : "3d4575a1-d3f1-b89b-486c-32a7b7602d24",
    "rows" : 2037,
    "byte_size" : 11802,
    "file_count" : 1,
    "source_rows" : 2037,
    "source_byte_size" : 0,
    "partition_num" : 1,
    "partition_values" : [ ],
    "is_ready" : false,
    "create_time" : 1647781184267,
    "multi_partition" : [ ]
  }, {
    "layout_id" : 20001,
    "build_job_id" : "3d4575a1-d3f1-b89b-486c-32a7b7602d24",
    "rows" : 2037,
    "byte_size" : 24727,
    "file_count" : 1,
    "source_rows" : 2037,
    "source_byte_size" : 0,
    "partition_num" : 1,
    "partition_values" : [ ],
    "is_ready" : false,
    "create_time" : 1647781185461,
    "multi_partition" : [ ]
  }, {
    "layout_id" : 30001,
    "build_job_id" : "3d4575a1-d3f1-b89b-486c-32a7b7602d24",
    "rows" : 2037,
    "byte_size" : 31047,
    "file_count" : 1,
    "source_rows" : 2037,
    "source_byte_size" : 0,
    "partition_num" : 1,
    "partition_values" : [ ],
    "is_ready" : false,
    "create_time" : 1647781185544,
    "multi_partition" : [ ]
  }, {
    "layout_id" : 1100001,
    "build_job_id" : "3d4575a1-d3f1-b89b-486c-32a7b7602d24",
    "rows" : 2028,
    "byte_size" : 129892,
    "file_count" : 1,
    "source_rows" : 2037,
    "source_byte_size" : 0,
    "partition_num" : 1,
    "partition_values" : [ ],
    "is_ready" : false,
    "create_time" : 1647781186083,
    "multi_partition" : [ ]
  }, {
    "layout_id" : 1050001,
    "build_job_id" : "3d4575a1-d3f1-b89b-486c-32a7b7602d24",
    "rows" : 1941,
    "byte_size" : 132011,
    "file_count" : 1,
    "source_rows" : 2037,
    "source_byte_size" : 0,
    "partition_num" : 1,
    "partition_values" : [ ],
    "is_ready" : false,
    "create_time" : 1647781186205,
    "multi_partition" : [ ]
  }, {
    "layout_id" : 1040001,
    "build_job_id" : "3d4575a1-d3f1-b89b-486c-32a7b7602d24",
    "rows" : 1900,
    "byte_size" : 121082,
    "file_count" : 1,
    "source_rows" : 2037,
    "source_byte_size" : 0,
    "partition_num" : 1,
    "partition_values" : [ ],
    "is_ready" : false,
    "create_time" : 1647781186713,
    "multi_partition" : [ ]
  }, {
    "layout_id" : 1090001,
    "build_job_id" : "3d4575a1-d3f1-b89b-486c-32a7b7602d24",
    "rows" : 2034,
    "byte_size" : 166936,
    "file_count" : 1,
    "source_rows" : 2037,
    "source_byte_size" : 0,
    "partition_num" : 1,
    "partition_values" : [ ],
    "is_ready" : false,
    "create_time" : 1647781186713,
    "multi_partition" : [ ]
  }, {
    "layout_id" : 10001,
    "build_job_id" : "3d4575a1-d3f1-b89b-486c-32a7b7602d24",
    "rows" : 2037,
    "byte_size" : 12998,
    "file_count" : 1,
    "source_rows" : 2037,
    "source_byte_size" : 0,
    "partition_num" : 1,
    "partition_values" : [ ],
    "is_ready" : false,
    "create_time" : 1647781187415,
    "multi_partition" : [ ]
  }, {
    "layout_id" : 1,
    "build_job_id" : "3d4575a1-d3f1-b89b-486c-32a7b7602d24",
    "rows" : 2037,
    "byte_size" : 22439,
    "file_count" : 1,
    "source_rows" : 2037,
    "source_byte_size" : 0,
    "partition_num" : 1,
    "partition_values" : [ ],
    "is_ready" : false,
    "create_time" : 1647781187497,
    "multi_partition" : [ ]
  }, {
    "layout_id" : 10002,
    "build_job_id" : "3d4575a1-d3f1-b89b-486c-32a7b7602d24",
    "rows" : 2037,
    "byte_size" : 12998,
    "file_count" : 1,
    "source_rows" : 2037,
    "source_byte_size" : 0,
    "partition_num" : 1,
    "partition_values" : [ ],
    "is_ready" : false,
    "create_time" : 1647781187643,
    "multi_partition" : [ ]
  }, {
    "layout_id" : 1070001,
    "build_job_id" : "3d4575a1-d3f1-b89b-486c-32a7b7602d24",
    "rows" : 143,
    "byte_size" : 55100,
    "file_count" : 1,
    "source_rows" : 1941,
    "source_byte_size" : 0,
    "partition_num" : 1,
    "partition_values" : [ ],
    "is_ready" : false,
    "create_time" : 1647781188357,
    "multi_partition" : [ ]
  }, {
    "layout_id" : 1020001,
    "build_job_id" : "3d4575a1-d3f1-b89b-486c-32a7b7602d24",
    "rows" : 209,
    "byte_size" : 53949,
    "file_count" : 1,
    "source_rows" : 1900,
    "source_byte_size" : 0,
    "partition_num" : 1,
    "partition_values" : [ ],
    "is_ready" : false,
    "create_time" : 1647781188668,
    "multi_partition" : [ ]
  }, {
    "layout_id" : 1010001,
    "build_job_id" : "3d4575a1-d3f1-b89b-486c-32a7b7602d24",
    "rows" : 151,
    "byte_size" : 50018,
    "file_count" : 1,
    "source_rows" : 1900,
    "source_byte_size" : 0,
    "partition_num" : 1,
    "partition_values" : [ ],
    "is_ready" : false,
    "create_time" : 1647781188713,
    "multi_partition" : [ ]
  }, {
    "layout_id" : 1080001,
    "build_job_id" : "3d4575a1-d3f1-b89b-486c-32a7b7602d24",
    "rows" : 138,
    "byte_size" : 53870,
    "file_count" : 1,
    "source_rows" : 143,
    "source_byte_size" : 0,
    "partition_num" : 1,
    "partition_values" : [ ],
    "is_ready" : false,
    "create_time" : 1647781189700,
    "multi_partition" : [ ]
  }, {
    "layout_id" : 1060001,
    "build_job_id" : "3d4575a1-d3f1-b89b-486c-32a7b7602d24",
    "rows" : 105,
    "byte_size" : 50357,
    "file_count" : 1,
    "source_rows" : 138,
    "source_byte_size" : 0,
    "partition_num" : 1,
    "partition_values" : [ ],
    "is_ready" : false,
    "create_time" : 1647781190923,
    "multi_partition" : [ ]
  }, {
    "layout_id" : 1030001,
    "build_job_id" : "3d4575a1-d3f1-b89b-486c-32a7b7602d24",
    "rows" : 44,
    "byte_size" : 45996,
    "file_count" : 1,
    "source_rows" : 105,
    "source_byte_size" : 0,
    "partition_num" : 1,
    "partition_values" : [ ],
    "is_ready" : false,
    "create_time" : 1647781192093,
    "multi_partition" : [ ]
  } ]
}