{
  "uuid" : "741ca86a-1f13-46da-a59f-95fb68615e3a",
  "last_modified" : 1647781192521,
  "create_time" : 1647781175918,
  "version" : "2.3.0.20500",
  "description" : "test_description",
  "rule_based_index" : {
    "dimensions" : [ 0, 1, 2, 3, 4, 5, 6, 7, 8, 9, 13, 14, 15, 16, 17, 18, 19, 20, 21, 22, 23, 24, 25, 27, 28, 29, 30, 31, 32 ],
    "measures" : [ 100000, 100001, 100002, 100003, 100004, 100005, 100007, 100008, 100009, 100010, 100011, 100012, 100013, 100014, 100015, 100016 ],
    "global_dim_cap" : null,
    "aggregation_groups" : [ {
      "includes" : [ 2, 8, 3, 4, 16, 5, 6, 7 ],
      "measures" : [ 100000, 100001, 100002, 100003, 100004, 100005, 100007, 100008, 100009, 100010, 100011, 100012, 100013, 100014, 100015, 100016 ],
      "select_rule" : {
        "hierarchy_dims" : [ [ 5, 6, 7, 8 ] ],
        "mandatory_dims" : [ ],
        "joint_dims" : [ [ 3, 4, 16 ] ],
        "dim_cap" : 1
      },
      "index_range" : "BATCH"
    }, {
      "includes" : [ 2, 8, 3, 4, 16, 5, 6, 7, 9, 18, 19, 20, 21, 13, 14, 15, 17, 22, 23, 24, 25 ],
      "measures" : [ 100000, 100001, 100002, 100003, 100004, 100005, 100007, 100008, 100009, 100010, 100011, 100012, 100013, 100014, 100015, 100016 ],
      "select_rule" : {
        "hierarchy_dims" : [ ],
        "mandatory_dims" : [ 2 ],
        "joint_dims" : [ [ 5, 6, 7, 8 ], [ 3, 4, 16 ], [ 9, 18, 19, 20, 21 ], [ 13, 14, 15, 17, 22, 23, 24, 25 ] ],
        "dim_cap" : 1
      },
      "index_range" : "BATCH"
    } ],
    "layout_id_mapping" : [ 1010001, 1020001, 1030001, 1040001, 1050001, 1060001, 1080001, 1070001, 1000001, 1090001, 1100001, 1110001, 1120001 ],
    "parent_forward" : 3,
    "index_start_id" : 1010000,
    "last_modify_time" : 1647781175918,
    "layout_black_list" : [ ],
    "scheduler_version" : 1,
    "index_update_enabled" : true
  },
  "indexes" : [ {
    "id" : 1000000,
    "dimensions" : [ 0, 1, 2, 3, 4, 5, 6, 7, 8, 9, 13, 14, 15, 16, 17, 18, 19, 20, 21, 22, 23, 24, 25, 27, 28, 29, 30, 31, 32 ],
    "measures" : [ 100000, 100001, 100002, 100003, 100004, 100005, 100007, 100008, 100009, 100010, 100011, 100012, 100013, 100014, 100015, 100016 ],
    "layouts" : [ {
      "id" : 1000001,
      "name" : null,
      "owner" : null,
      "col_order" : [ 0, 1, 2, 3, 4, 5, 6, 7, 8, 9, 13, 14, 15, 16, 17, 18, 19, 20, 21, 22, 23, 24, 25, 27, 28, 29, 30, 31, 32, 100000, 100001, 100002, 100003, 100004, 100005, 100007, 100008, 100009, 100010, 100011, 100012, 100013, 100014, 100015, 100016 ],
      "shard_by_columns" : [ ],
      "partition_by_columns" : [ ],
      "sort_by_columns" : [ ],
      "storage_type" : 20,
      "update_time" : 0,
      "manual" : false,
      "auto" : true,
      "base" : false,
      "draft_version" : null,
      "index_range" : null
    } ],
    "next_layout_offset" : 2
  }, {
    "id" : 0,
    "dimensions" : [ 0, 1 ],
    "measures" : [ 100000, 100003, 100012, 100013, 100014 ],
    "layouts" : [ {
      "id" : 1,
      "name" : null,
      "owner" : null,
      "col_order" : [ 1, 0, 100000, 100003, 100012, 100013, 100014 ],
      "shard_by_columns" : [ ],
      "partition_by_columns" : [ ],
      "sort_by_columns" : [ ],
      "storage_type" : 20,
      "update_time" : 0,
      "manual" : false,
      "auto" : true,
      "base" : false,
      "draft_version" : null,
      "index_range" : null
    } ],
    "next_layout_offset" : 2
  }, {
    "id" : 10000,
    "dimensions" : [ 0, 1, 2 ],
    "measures" : [ 100000, 100012, 100013, 100014 ],
    "layouts" : [ {
      "id" : 10001,
      "name" : null,
      "owner" : null,
      "col_order" : [ 1, 0, 2, 100000, 100012, 100013, 100014 ],
      "shard_by_columns" : [ ],
      "partition_by_columns" : [ ],
      "sort_by_columns" : [ ],
      "storage_type" : 20,
      "update_time" : 0,
      "manual" : false,
      "auto" : true,
      "base" : false,
      "draft_version" : null,
      "index_range" : null
    }, {
      "id" : 10002,
      "name" : null,
      "owner" : null,
      "col_order" : [ 1, 2, 0, 100000, 100012, 100013, 100014 ],
      "shard_by_columns" : [ ],
      "partition_by_columns" : [ ],
      "sort_by_columns" : [ ],
      "storage_type" : 20,
      "update_time" : 0,
      "manual" : false,
      "auto" : true,
      "base" : false,
      "draft_version" : null,
      "index_range" : null
    } ],
    "next_layout_offset" : 3
  }, {
    "id" : 20000,
    "dimensions" : [ 0, 1, 2, 3 ],
    "measures" : [ 100000, 100003, 100012, 100013, 100014 ],
    "layouts" : [ {
      "id" : 20001,
      "name" : null,
      "owner" : null,
      "col_order" : [ 1, 0, 2, 3, 100000, 100003, 100012, 100013, 100014 ],
      "shard_by_columns" : [ ],
      "partition_by_columns" : [ ],
      "sort_by_columns" : [ ],
      "storage_type" : 20,
      "update_time" : 0,
      "manual" : false,
      "auto" : true,
      "base" : false,
      "draft_version" : null,
      "index_range" : null
    } ],
    "next_layout_offset" : 2
  }, {
    "id" : 30000,
    "dimensions" : [ 0, 1, 2, 4 ],
    "measures" : [ 100000, 100003, 100005, 100012, 100013, 100014 ],
    "layouts" : [ {
      "id" : 30001,
      "name" : null,
      "owner" : null,
      "col_order" : [ 1, 0, 2, 4, 100000, 100003, 100005, 100012, 100013, 100014 ],
      "shard_by_columns" : [ ],
      "partition_by_columns" : [ ],
      "sort_by_columns" : [ ],
      "storage_type" : 20,
      "update_time" : 0,
      "manual" : false,
      "auto" : true,
      "base" : false,
      "draft_version" : null,
      "index_range" : null
    } ],
    "next_layout_offset" : 2
  }, {
    "id" : 20000000000,
    "dimensions" : [ 0, 1, 2, 4, 11 ],
    "measures" : [ ],
    "layouts" : [ {
      "id" : 20000000001,
      "name" : null,
      "owner" : null,
      "col_order" : [ 1, 0, 2, 4, 11 ],
      "shard_by_columns" : [ ],
      "partition_by_columns" : [ ],
      "sort_by_columns" : [ 0 ],
      "storage_type" : 20,
      "update_time" : 0,
      "manual" : false,
      "auto" : true,
      "base" : false,
      "draft_version" : null,
      "index_range" : null
    } ],
    "next_layout_offset" : 2
  }, {
    "id" : 20000010000,
    "dimensions" : [ 0, 1, 2 ],
    "measures" : [ ],
    "layouts" : [ {
      "id" : 20000010001,
      "name" : null,
      "owner" : null,
      "col_order" : [ 1, 0, 2 ],
      "shard_by_columns" : [ ],
      "partition_by_columns" : [ ],
      "sort_by_columns" : [ 0, 2 ],
      "storage_type" : 20,
      "update_time" : 0,
      "manual" : false,
      "auto" : true,
      "base" : false,
      "draft_version" : null,
      "index_range" : null
    } ],
    "next_layout_offset" : 2
  }, {
    "id" : 20000020000,
    "dimensions" : [ 0, 1, 2, 3, 4, 5, 6, 7, 8, 9, 11, 12, 13, 14, 15, 16, 17, 18, 19, 20, 21, 22, 23, 24, 25, 26, 27, 28, 29, 30, 31, 32 ],
    "measures" : [ ],
    "layouts" : [ {
      "id" : 20000020001,
      "name" : null,
      "owner" : null,
      "col_order" : [ 0, 1, 2, 3, 4, 5, 6, 7, 8, 9, 11, 12, 13, 14, 15, 16, 17, 18, 19, 20, 21, 22, 23, 24, 25, 26, 27, 28, 29, 30, 31, 32 ],
      "shard_by_columns" : [ ],
      "partition_by_columns" : [ ],
      "sort_by_columns" : [ 0 ],
      "storage_type" : 20,
      "update_time" : 0,
      "manual" : false,
      "auto" : true,
      "base" : false,
      "draft_version" : null,
      "index_range" : null
    } ],
    "next_layout_offset" : 2
  } ],
  "override_properties" : {
    "kylin.index.rule-scheduler-data" : "4398046576639,3300682432511,549755879423,7698728943615,5428838727679,824633786367,962072739839,1030792216575,35184372088831,4429248004095,4433412947967"
  },
  "to_be_deleted_indexes" : [ ],
  "auto_merge_time_ranges" : null,
  "retention_range" : 0,
  "engine_type" : 0,
  "dictionaries" : [ {
    "id" : 26,
    "reuse" : -1,
    "builder" : "org.apache.kylin.dict.NGlobalDictionaryBuilder2"
  } ],
  "next_aggregation_index_id" : 1130000,
  "next_table_index_id" : 20000030000,
  "agg_shard_by_columns" : [ ],
  "extend_partition_columns" : [ ],
  "layout_bucket_num" : { },
  "approved_additional_recs" : 0,
  "approved_removal_recs" : 0
}