{"distMetaUrl":"../examples/test_data/65832/metadata@hdfs,path=file:///Users/enwei.jiao/workspace/kap4/src/spark-project/examples/test_data/65832/working-dir/..-examples-test_data-65832-metadata/default/job_tmp/f4038ecf-e5e4-f316-4cc8-6a5fa9320aae/00/meta","submitter":"ADMIN","dataflowId":"741ca86a-1f13-46da-a59f-95fb68615e3a","dataRangeEnd":"1420041600000","targetModel":"741ca86a-1f13-46da-a59f-95fb68615e3a","excludedTables":"","dataRangeStart":"1370016000000","project":"default","className":"io.kyligence.kap.engine.spark.job.RDSegmentBuildJob","parentId":"f4038ecf-e5e4-f316-4cc8-6a5fa9320aae","jobId":"f4038ecf-e5e4-f316-4cc8-6a5fa9320aae","outputMetaUrl":"../examples/test_data/65832/metadata@hdfs,path=file:///Users/enwei.jiao/workspace/kap4/src/spark-project/examples/test_data/65832/working-dir/..-examples-test_data-65832-metadata/default/job_tmp/f4038ecf-e5e4-f316-4cc8-6a5fa9320aae/00/meta_output","layoutIds":"1000001,1,10001,10002,20001,30001,20000000001,20000010001,20000020001,1070001,1010001,1060001,1030001,1090001,1100001,1020001,1040001,1080001,1050001","segmentIds":"b5101f79-fb5a-3907-7ccc-56006d7beda5"}