{"distMetaUrl":"../examples/test_data/65832/metadata@hdfs,path=file:///Users/enwei.jiao/workspace/kap4/src/spark-project/examples/test_data/65832/working-dir/..-examples-test_data-65832-metadata/default/job_tmp/c111d4f2-f6d1-82c7-4b5b-f69286f08293/01/meta","submitter":"ADMIN","dataflowId":"741ca86a-1f13-46da-a59f-95fb68615e3a","dataRangeEnd":"1420041600000","indexCount":"19","targetModel":"741ca86a-1f13-46da-a59f-95fb68615e3a","dataRangeStart":"1356969600000","project":"default","className":"io.kyligence.kap.engine.spark.job.SegmentMergeJob","parentId":"c111d4f2-f6d1-82c7-4b5b-f69286f08293","jobId":"c111d4f2-f6d1-82c7-4b5b-f69286f08293","outputMetaUrl":"../examples/test_data/65832/metadata@hdfs,path=file:///Users/enwei.jiao/workspace/kap4/src/spark-project/examples/test_data/65832/working-dir/..-examples-test_data-65832-metadata/default/job_tmp/c111d4f2-f6d1-82c7-4b5b-f69286f08293/01/meta_output","layoutIds":"1000001,1,10001,10002,20001,30001,20000000001,20000010001,20000020001,1070001,1010001,1060001,1030001,1090001,1100001,1020001,1040001,1080001,1050001","segmentIds":"eaff12c8-87e3-45a8-9afd-7674e5e54764"}