{
  "uuid" : "1c57c772-0577-0d84-dc99-8f4827d70eb8",
  "last_modified" : 1647781220724,
  "create_time" : 1647781220724,
  "version" : "4.0.0.0",
  "dataflow" : "741ca86a-1f13-46da-a59f-95fb68615e3a",
  "layout_instances" : [ {
    "layout_id" : 20000020001,
    "build_job_id" : "5a8199d5-0d05-9554-0d93-b56cbb614ae4",
    "rows" : 2154,
    "byte_size" : 175384,
    "file_count" : 1,
    "source_rows" : 2154,
    "source_byte_size" : 0,
    "partition_num" : 1,
    "partition_values" : [ ],
    "is_ready" : false,
    "create_time" : 1647781233607,
    "multi_partition" : [ ]
  }, {
    "layout_id" : 20000000001,
    "build_job_id" : "5a8199d5-0d05-9554-0d93-b56cbb614ae4",
    "rows" : 2154,
    "byte_size" : 23921,
    "file_count" : 1,
    "source_rows" : 2154,
    "source_byte_size" : 0,
    "partition_num" : 1,
    "partition_values" : [ ],
    "is_ready" : false,
    "create_time" : 1647781234725,
    "multi_partition" : [ ]
  }, {
    "layout_id" : 1000001,
    "build_job_id" : "5a8199d5-0d05-9554-0d93-b56cbb614ae4",
    "rows" : 2154,
    "byte_size" : 274329,
    "file_count" : 1,
    "source_rows" : 2154,
    "source_byte_size" : 0,
    "partition_num" : 1,
    "partition_values" : [ ],
    "is_ready" : false,
    "create_time" : 1647781234879,
    "multi_partition" : [ ]
  }, {
    "layout_id" : 20000010001,
    "build_job_id" : "5a8199d5-0d05-9554-0d93-b56cbb614ae4",
    "rows" : 2154,
    "byte_size" : 11561,
    "file_count" : 1,
    "source_rows" : 2154,
    "source_byte_size" : 0,
    "partition_num" : 1,
    "partition_values" : [ ],
    "is_ready" : false,
    "create_time" : 1647781237141,
    "multi_partition" : [ ]
  }, {
    "layout_id" : 30001,
    "build_job_id" : "5a8199d5-0d05-9554-0d93-b56cbb614ae4",
    "rows" : 2154,
    "byte_size" : 31679,
    "file_count" : 1,
    "source_rows" : 2154,
    "source_byte_size" : 0,
    "partition_num" : 1,
    "partition_values" : [ ],
    "is_ready" : false,
    "create_time" : 1647781238848,
    "multi_partition" : [ ]
  }, {
    "layout_id" : 20001,
    "build_job_id" : "5a8199d5-0d05-9554-0d93-b56cbb614ae4",
    "rows" : 2154,
    "byte_size" : 25155,
    "file_count" : 1,
    "source_rows" : 2154,
    "source_byte_size" : 0,
    "partition_num" : 1,
    "partition_values" : [ ],
    "is_ready" : false,
    "create_time" : 1647781238937,
    "multi_partition" : [ ]
  }, {
    "layout_id" : 1050001,
    "build_job_id" : "5a8199d5-0d05-9554-0d93-b56cbb614ae4",
    "rows" : 2041,
    "byte_size" : 137902,
    "file_count" : 1,
    "source_rows" : 2154,
    "source_byte_size" : 0,
    "partition_num" : 1,
    "partition_values" : [ ],
    "is_ready" : false,
    "create_time" : 1647781239331,
    "multi_partition" : [ ]
  }, {
    "layout_id" : 1100001,
    "build_job_id" : "5a8199d5-0d05-9554-0d93-b56cbb614ae4",
    "rows" : 2139,
    "byte_size" : 136138,
    "file_count" : 1,
    "source_rows" : 2154,
    "source_byte_size" : 0,
    "partition_num" : 1,
    "partition_values" : [ ],
    "is_ready" : false,
    "create_time" : 1647781239734,
    "multi_partition" : [ ]
  }, {
    "layout_id" : 1090001,
    "build_job_id" : "5a8199d5-0d05-9554-0d93-b56cbb614ae4",
    "rows" : 2151,
    "byte_size" : 175107,
    "file_count" : 1,
    "source_rows" : 2154,
    "source_byte_size" : 0,
    "partition_num" : 1,
    "partition_values" : [ ],
    "is_ready" : false,
    "create_time" : 1647781239734,
    "multi_partition" : [ ]
  }, {
    "layout_id" : 1040001,
    "build_job_id" : "5a8199d5-0d05-9554-0d93-b56cbb614ae4",
    "rows" : 1984,
    "byte_size" : 126464,
    "file_count" : 1,
    "source_rows" : 2154,
    "source_byte_size" : 0,
    "partition_num" : 1,
    "partition_values" : [ ],
    "is_ready" : false,
    "create_time" : 1647781239734,
    "multi_partition" : [ ]
  }, {
    "layout_id" : 10002,
    "build_job_id" : "5a8199d5-0d05-9554-0d93-b56cbb614ae4",
    "rows" : 2154,
    "byte_size" : 12757,
    "file_count" : 1,
    "source_rows" : 2154,
    "source_byte_size" : 0,
    "partition_num" : 1,
    "partition_values" : [ ],
    "is_ready" : false,
    "create_time" : 1647781241118,
    "multi_partition" : [ ]
  }, {
    "layout_id" : 1,
    "build_job_id" : "5a8199d5-0d05-9554-0d93-b56cbb614ae4",
    "rows" : 2154,
    "byte_size" : 22834,
    "file_count" : 1,
    "source_rows" : 2154,
    "source_byte_size" : 0,
    "partition_num" : 1,
    "partition_values" : [ ],
    "is_ready" : false,
    "create_time" : 1647781241194,
    "multi_partition" : [ ]
  }, {
    "layout_id" : 10001,
    "build_job_id" : "5a8199d5-0d05-9554-0d93-b56cbb614ae4",
    "rows" : 2154,
    "byte_size" : 12757,
    "file_count" : 1,
    "source_rows" : 2154,
    "source_byte_size" : 0,
    "partition_num" : 1,
    "partition_values" : [ ],
    "is_ready" : false,
    "create_time" : 1647781241536,
    "multi_partition" : [ ]
  }, {
    "layout_id" : 1070001,
    "build_job_id" : "5a8199d5-0d05-9554-0d93-b56cbb614ae4",
    "rows" : 143,
    "byte_size" : 56859,
    "file_count" : 1,
    "source_rows" : 2041,
    "source_byte_size" : 0,
    "partition_num" : 1,
    "partition_values" : [ ],
    "is_ready" : false,
    "create_time" : 1647781241723,
    "multi_partition" : [ ]
  }, {
    "layout_id" : 1020001,
    "build_job_id" : "5a8199d5-0d05-9554-0d93-b56cbb614ae4",
    "rows" : 226,
    "byte_size" : 56257,
    "file_count" : 1,
    "source_rows" : 1984,
    "source_byte_size" : 0,
    "partition_num" : 1,
    "partition_values" : [ ],
    "is_ready" : false,
    "create_time" : 1647781242322,
    "multi_partition" : [ ]
  }, {
    "layout_id" : 1010001,
    "build_job_id" : "5a8199d5-0d05-9554-0d93-b56cbb614ae4",
    "rows" : 151,
    "byte_size" : 52052,
    "file_count" : 1,
    "source_rows" : 1984,
    "source_byte_size" : 0,
    "partition_num" : 1,
    "partition_values" : [ ],
    "is_ready" : false,
    "create_time" : 1647781242372,
    "multi_partition" : [ ]
  }, {
    "layout_id" : 1080001,
    "build_job_id" : "5a8199d5-0d05-9554-0d93-b56cbb614ae4",
    "rows" : 138,
    "byte_size" : 55788,
    "file_count" : 1,
    "source_rows" : 143,
    "source_byte_size" : 0,
    "partition_num" : 1,
    "partition_values" : [ ],
    "is_ready" : false,
    "create_time" : 1647781243113,
    "multi_partition" : [ ]
  }, {
    "layout_id" : 1060001,
    "build_job_id" : "5a8199d5-0d05-9554-0d93-b56cbb614ae4",
    "rows" : 105,
    "byte_size" : 52494,
    "file_count" : 1,
    "source_rows" : 138,
    "source_byte_size" : 0,
    "partition_num" : 1,
    "partition_values" : [ ],
    "is_ready" : false,
    "create_time" : 1647781244051,
    "multi_partition" : [ ]
  }, {
    "layout_id" : 1030001,
    "build_job_id" : "5a8199d5-0d05-9554-0d93-b56cbb614ae4",
    "rows" : 44,
    "byte_size" : 47258,
    "file_count" : 1,
    "source_rows" : 105,
    "source_byte_size" : 0,
    "partition_num" : 1,
    "partition_values" : [ ],
    "is_ready" : false,
    "create_time" : 1647781244955,
    "multi_partition" : [ ]
  } ]
}