{"distMetaUrl":"../examples/test_data/65832/metadata@hdfs,path=file:///Users/enwei.jiao/workspace/kap4/src/spark-project/examples/test_data/65832/working-dir/..-examples-test_data-65832-metadata/default/job_tmp/f8ea56e3-8129-2079-a110-fb99beb96dc4/01/meta","submitter":"ADMIN","dataflowId":"89af4ee2-2cdb-4b07-b39e-4c29856309aa","dataRangeEnd":"1370016000000","indexCount":"10","targetModel":"89af4ee2-2cdb-4b07-b39e-4c29856309aa","excludedTables":"","dataRangeStart":"1356969600000","project":"default","className":"io.kyligence.kap.engine.spark.job.SegmentBuildJob","parentId":"f8ea56e3-8129-2079-a110-fb99beb96dc4","jobId":"f8ea56e3-8129-2079-a110-fb99beb96dc4","outputMetaUrl":"../examples/test_data/65832/metadata@hdfs,path=file:///Users/enwei.jiao/workspace/kap4/src/spark-project/examples/test_data/65832/working-dir/..-examples-test_data-65832-metadata/default/job_tmp/f8ea56e3-8129-2079-a110-fb99beb96dc4/01/meta_output","layoutIds":"1000001,1,10001,10002,20001,30001,20000000001,20000010001,20000020001,20000030001","segmentIds":"83440abd-9c3d-20a5-2de3-aeec55fa16c3"}