{
  "uuid" : "73d863c1-aa04-b406-928b-5509c60cd1b1",
  "last_modified" : 1647781313379,
  "create_time" : 1647781284128,
  "version" : "4.0.0.0",
  "dataflow" : "741ca86a-1f13-46da-a59f-95fb68615e3a",
  "layout_instances" : [ {
    "layout_id" : 30001,
    "build_job_id" : "f7ca42e5-35b5-e7d5-52f7-73b82aeea4e5",
    "rows" : 4852,
    "byte_size" : 64334,
    "file_count" : 1,
    "source_rows" : 4852,
    "source_byte_size" : 0,
    "partition_num" : 1,
    "partition_values" : [ ],
    "is_ready" : false,
    "create_time" : 1647781310870,
    "multi_partition" : [ ]
  }, {
    "layout_id" : 1010001,
    "build_job_id" : "f7ca42e5-35b5-e7d5-52f7-73b82aeea4e5",
    "rows" : 365,
    "byte_size" : 104490,
    "file_count" : 1,
    "source_rows" : 4511,
    "source_byte_size" : 0,
    "partition_num" : 1,
    "partition_values" : [ ],
    "is_ready" : false,
    "create_time" : 1647781310870,
    "multi_partition" : [ ]
  }, {
    "layout_id" : 1080001,
    "build_job_id" : "f7ca42e5-35b5-e7d5-52f7-73b82aeea4e5",
    "rows" : 138,
    "byte_size" : 96081,
    "file_count" : 1,
    "source_rows" : 286,
    "source_byte_size" : 0,
    "partition_num" : 1,
    "partition_values" : [ ],
    "is_ready" : false,
    "create_time" : 1647781310870,
    "multi_partition" : [ ]
  }, {
    "layout_id" : 10001,
    "build_job_id" : "f7ca42e5-35b5-e7d5-52f7-73b82aeea4e5",
    "rows" : 4852,
    "byte_size" : 27024,
    "file_count" : 1,
    "source_rows" : 4852,
    "source_byte_size" : 0,
    "partition_num" : 1,
    "partition_values" : [ ],
    "is_ready" : false,
    "create_time" : 1647781310870,
    "multi_partition" : [ ]
  }, {
    "layout_id" : 1,
    "build_job_id" : "f7ca42e5-35b5-e7d5-52f7-73b82aeea4e5",
    "rows" : 4852,
    "byte_size" : 49004,
    "file_count" : 1,
    "source_rows" : 4852,
    "source_byte_size" : 0,
    "partition_num" : 1,
    "partition_values" : [ ],
    "is_ready" : false,
    "create_time" : 1647781310871,
    "multi_partition" : [ ]
  }, {
    "layout_id" : 20001,
    "build_job_id" : "f7ca42e5-35b5-e7d5-52f7-73b82aeea4e5",
    "rows" : 4852,
    "byte_size" : 54061,
    "file_count" : 1,
    "source_rows" : 4852,
    "source_byte_size" : 0,
    "partition_num" : 1,
    "partition_values" : [ ],
    "is_ready" : false,
    "create_time" : 1647781310871,
    "multi_partition" : [ ]
  }, {
    "layout_id" : 10002,
    "build_job_id" : "f7ca42e5-35b5-e7d5-52f7-73b82aeea4e5",
    "rows" : 4852,
    "byte_size" : 27024,
    "file_count" : 1,
    "source_rows" : 4852,
    "source_byte_size" : 0,
    "partition_num" : 1,
    "partition_values" : [ ],
    "is_ready" : false,
    "create_time" : 1647781310871,
    "multi_partition" : [ ]
  }, {
    "layout_id" : 1070001,
    "build_job_id" : "f7ca42e5-35b5-e7d5-52f7-73b82aeea4e5",
    "rows" : 143,
    "byte_size" : 97215,
    "file_count" : 1,
    "source_rows" : 4624,
    "source_byte_size" : 0,
    "partition_num" : 1,
    "partition_values" : [ ],
    "is_ready" : false,
    "create_time" : 1647781310871,
    "multi_partition" : [ ]
  }, {
    "layout_id" : 1060001,
    "build_job_id" : "f7ca42e5-35b5-e7d5-52f7-73b82aeea4e5",
    "rows" : 105,
    "byte_size" : 92137,
    "file_count" : 1,
    "source_rows" : 276,
    "source_byte_size" : 0,
    "partition_num" : 1,
    "partition_values" : [ ],
    "is_ready" : false,
    "create_time" : 1647781310871,
    "multi_partition" : [ ]
  }, {
    "layout_id" : 1030001,
    "build_job_id" : "f7ca42e5-35b5-e7d5-52f7-73b82aeea4e5",
    "rows" : 44,
    "byte_size" : 84813,
    "file_count" : 1,
    "source_rows" : 210,
    "source_byte_size" : 0,
    "partition_num" : 1,
    "partition_values" : [ ],
    "is_ready" : false,
    "create_time" : 1647781310871,
    "multi_partition" : [ ]
  }, {
    "layout_id" : 1020001,
    "build_job_id" : "f7ca42e5-35b5-e7d5-52f7-73b82aeea4e5",
    "rows" : 262,
    "byte_size" : 100762,
    "file_count" : 1,
    "source_rows" : 4511,
    "source_byte_size" : 0,
    "partition_num" : 1,
    "partition_values" : [ ],
    "is_ready" : false,
    "create_time" : 1647781310871,
    "multi_partition" : [ ]
  }, {
    "layout_id" : 1050001,
    "build_job_id" : "f7ca42e5-35b5-e7d5-52f7-73b82aeea4e5",
    "rows" : 4624,
    "byte_size" : 277002,
    "file_count" : 1,
    "source_rows" : 4852,
    "source_byte_size" : 0,
    "partition_num" : 1,
    "partition_values" : [ ],
    "is_ready" : false,
    "create_time" : 1647781310871,
    "multi_partition" : [ ]
  }, {
    "layout_id" : 1040001,
    "build_job_id" : "f7ca42e5-35b5-e7d5-52f7-73b82aeea4e5",
    "rows" : 4511,
    "byte_size" : 258405,
    "file_count" : 1,
    "source_rows" : 4852,
    "source_byte_size" : 0,
    "partition_num" : 1,
    "partition_values" : [ ],
    "is_ready" : false,
    "create_time" : 1647781310871,
    "multi_partition" : [ ]
  }, {
    "layout_id" : 1100001,
    "build_job_id" : "f7ca42e5-35b5-e7d5-52f7-73b82aeea4e5",
    "rows" : 4822,
    "byte_size" : 271866,
    "file_count" : 1,
    "source_rows" : 4852,
    "source_byte_size" : 0,
    "partition_num" : 1,
    "partition_values" : [ ],
    "is_ready" : false,
    "create_time" : 1647781310871,
    "multi_partition" : [ ]
  }, {
    "layout_id" : 20000000001,
    "build_job_id" : "f7ca42e5-35b5-e7d5-52f7-73b82aeea4e5",
    "rows" : 4852,
    "byte_size" : 52823,
    "file_count" : 1,
    "source_rows" : 4852,
    "source_byte_size" : 0,
    "partition_num" : 1,
    "partition_values" : [ ],
    "is_ready" : false,
    "create_time" : 1647781310871,
    "multi_partition" : [ ]
  }, {
    "layout_id" : 20000010001,
    "build_job_id" : "f7ca42e5-35b5-e7d5-52f7-73b82aeea4e5",
    "rows" : 4852,
    "byte_size" : 25828,
    "file_count" : 1,
    "source_rows" : 4852,
    "source_byte_size" : 0,
    "partition_num" : 1,
    "partition_values" : [ ],
    "is_ready" : false,
    "create_time" : 1647781310871,
    "multi_partition" : [ ]
  }, {
    "layout_id" : 1090001,
    "build_job_id" : "f7ca42e5-35b5-e7d5-52f7-73b82aeea4e5",
    "rows" : 4847,
    "byte_size" : 343191,
    "file_count" : 1,
    "source_rows" : 4852,
    "source_byte_size" : 0,
    "partition_num" : 1,
    "partition_values" : [ ],
    "is_ready" : false,
    "create_time" : 1647781310871,
    "multi_partition" : [ ]
  }, {
    "layout_id" : 20000020001,
    "build_job_id" : "f7ca42e5-35b5-e7d5-52f7-73b82aeea4e5",
    "rows" : 4852,
    "byte_size" : 344591,
    "file_count" : 1,
    "source_rows" : 4852,
    "source_byte_size" : 0,
    "partition_num" : 1,
    "partition_values" : [ ],
    "is_ready" : false,
    "create_time" : 1647781310871,
    "multi_partition" : [ ]
  }, {
    "layout_id" : 1000001,
    "build_job_id" : "f7ca42e5-35b5-e7d5-52f7-73b82aeea4e5",
    "rows" : 4852,
    "byte_size" : 548607,
    "file_count" : 1,
    "source_rows" : 4852,
    "source_byte_size" : 0,
    "partition_num" : 1,
    "partition_values" : [ ],
    "is_ready" : false,
    "create_time" : 1647781310871,
    "multi_partition" : [ ]
  } ]
}