{
  "uuid" : "b5101f79-fb5a-3907-7ccc-56006d7beda5",
  "last_modified" : 1647781246866,
  "create_time" : 1647781246866,
  "version" : "4.0.0.0",
  "dataflow" : "741ca86a-1f13-46da-a59f-95fb68615e3a",
  "layout_instances" : [ {
    "layout_id" : 20000020001,
    "build_job_id" : "f4038ecf-e5e4-f316-4cc8-6a5fa9320aae",
    "rows" : 2890,
    "byte_size" : 223137,
    "file_count" : 1,
    "source_rows" : 2890,
    "source_byte_size" : 0,
    "partition_num" : 1,
    "partition_values" : [ ],
    "is_ready" : false,
    "create_time" : 1647781268507,
    "multi_partition" : [ ]
  }, {
    "layout_id" : 20000000001,
    "build_job_id" : "f4038ecf-e5e4-f316-4cc8-6a5fa9320aae",
    "rows" : 2890,
    "byte_size" : 31561,
    "file_count" : 1,
    "source_rows" : 2890,
    "source_byte_size" : 0,
    "partition_num" : 1,
    "partition_values" : [ ],
    "is_ready" : false,
    "create_time" : 1647781269947,
    "multi_partition" : [ ]
  }, {
    "layout_id" : 1000001,
    "build_job_id" : "f4038ecf-e5e4-f316-4cc8-6a5fa9320aae",
    "rows" : 2890,
    "byte_size" : 351105,
    "file_count" : 1,
    "source_rows" : 2890,
    "source_byte_size" : 0,
    "partition_num" : 1,
    "partition_values" : [ ],
    "is_ready" : false,
    "create_time" : 1647781270732,
    "multi_partition" : [ ]
  }, {
    "layout_id" : 20000010001,
    "build_job_id" : "f4038ecf-e5e4-f316-4cc8-6a5fa9320aae",
    "rows" : 2890,
    "byte_size" : 15202,
    "file_count" : 1,
    "source_rows" : 2890,
    "source_byte_size" : 0,
    "partition_num" : 1,
    "partition_values" : [ ],
    "is_ready" : false,
    "create_time" : 1647781271108,
    "multi_partition" : [ ]
  }, {
    "layout_id" : 20001,
    "build_job_id" : "f4038ecf-e5e4-f316-4cc8-6a5fa9320aae",
    "rows" : 2890,
    "byte_size" : 32798,
    "file_count" : 1,
    "source_rows" : 2890,
    "source_byte_size" : 0,
    "partition_num" : 1,
    "partition_values" : [ ],
    "is_ready" : false,
    "create_time" : 1647781275053,
    "multi_partition" : [ ]
  }, {
    "layout_id" : 1040001,
    "build_job_id" : "f4038ecf-e5e4-f316-4cc8-6a5fa9320aae",
    "rows" : 2668,
    "byte_size" : 162746,
    "file_count" : 1,
    "source_rows" : 2890,
    "source_byte_size" : 0,
    "partition_num" : 1,
    "partition_values" : [ ],
    "is_ready" : false,
    "create_time" : 1647781275179,
    "multi_partition" : [ ]
  }, {
    "layout_id" : 30001,
    "build_job_id" : "f4038ecf-e5e4-f316-4cc8-6a5fa9320aae",
    "rows" : 2890,
    "byte_size" : 40476,
    "file_count" : 1,
    "source_rows" : 2890,
    "source_byte_size" : 0,
    "partition_num" : 1,
    "partition_values" : [ ],
    "is_ready" : false,
    "create_time" : 1647781275515,
    "multi_partition" : [ ]
  }, {
    "layout_id" : 1100001,
    "build_job_id" : "f4038ecf-e5e4-f316-4cc8-6a5fa9320aae",
    "rows" : 2872,
    "byte_size" : 173878,
    "file_count" : 1,
    "source_rows" : 2890,
    "source_byte_size" : 0,
    "partition_num" : 1,
    "partition_values" : [ ],
    "is_ready" : false,
    "create_time" : 1647781275900,
    "multi_partition" : [ ]
  }, {
    "layout_id" : 1050001,
    "build_job_id" : "f4038ecf-e5e4-f316-4cc8-6a5fa9320aae",
    "rows" : 2756,
    "byte_size" : 175967,
    "file_count" : 1,
    "source_rows" : 2890,
    "source_byte_size" : 0,
    "partition_num" : 1,
    "partition_values" : [ ],
    "is_ready" : false,
    "create_time" : 1647781275900,
    "multi_partition" : [ ]
  }, {
    "layout_id" : 1090001,
    "build_job_id" : "f4038ecf-e5e4-f316-4cc8-6a5fa9320aae",
    "rows" : 2882,
    "byte_size" : 223680,
    "file_count" : 1,
    "source_rows" : 2890,
    "source_byte_size" : 0,
    "partition_num" : 1,
    "partition_values" : [ ],
    "is_ready" : false,
    "create_time" : 1647781275900,
    "multi_partition" : [ ]
  }, {
    "layout_id" : 1020001,
    "build_job_id" : "f4038ecf-e5e4-f316-4cc8-6a5fa9320aae",
    "rows" : 226,
    "byte_size" : 67585,
    "file_count" : 1,
    "source_rows" : 2668,
    "source_byte_size" : 0,
    "partition_num" : 1,
    "partition_values" : [ ],
    "is_ready" : false,
    "create_time" : 1647781277150,
    "multi_partition" : [ ]
  }, {
    "layout_id" : 10001,
    "build_job_id" : "f4038ecf-e5e4-f316-4cc8-6a5fa9320aae",
    "rows" : 2890,
    "byte_size" : 16398,
    "file_count" : 1,
    "source_rows" : 2890,
    "source_byte_size" : 0,
    "partition_num" : 1,
    "partition_values" : [ ],
    "is_ready" : false,
    "create_time" : 1647781277265,
    "multi_partition" : [ ]
  }, {
    "layout_id" : 1,
    "build_job_id" : "f4038ecf-e5e4-f316-4cc8-6a5fa9320aae",
    "rows" : 2890,
    "byte_size" : 29781,
    "file_count" : 1,
    "source_rows" : 2890,
    "source_byte_size" : 0,
    "partition_num" : 1,
    "partition_values" : [ ],
    "is_ready" : false,
    "create_time" : 1647781277318,
    "multi_partition" : [ ]
  }, {
    "layout_id" : 10002,
    "build_job_id" : "f4038ecf-e5e4-f316-4cc8-6a5fa9320aae",
    "rows" : 2890,
    "byte_size" : 16398,
    "file_count" : 1,
    "source_rows" : 2890,
    "source_byte_size" : 0,
    "partition_num" : 1,
    "partition_values" : [ ],
    "is_ready" : false,
    "create_time" : 1647781279189,
    "multi_partition" : [ ]
  }, {
    "layout_id" : 1010001,
    "build_job_id" : "f4038ecf-e5e4-f316-4cc8-6a5fa9320aae",
    "rows" : 215,
    "byte_size" : 67070,
    "file_count" : 1,
    "source_rows" : 2668,
    "source_byte_size" : 0,
    "partition_num" : 1,
    "partition_values" : [ ],
    "is_ready" : false,
    "create_time" : 1647781279592,
    "multi_partition" : [ ]
  }, {
    "layout_id" : 1070001,
    "build_job_id" : "f4038ecf-e5e4-f316-4cc8-6a5fa9320aae",
    "rows" : 143,
    "byte_size" : 67839,
    "file_count" : 1,
    "source_rows" : 2756,
    "source_byte_size" : 0,
    "partition_num" : 1,
    "partition_values" : [ ],
    "is_ready" : false,
    "create_time" : 1647781279645,
    "multi_partition" : [ ]
  }, {
    "layout_id" : 1080001,
    "build_job_id" : "f4038ecf-e5e4-f316-4cc8-6a5fa9320aae",
    "rows" : 138,
    "byte_size" : 66779,
    "file_count" : 1,
    "source_rows" : 143,
    "source_byte_size" : 0,
    "partition_num" : 1,
    "partition_values" : [ ],
    "is_ready" : false,
    "create_time" : 1647781280525,
    "multi_partition" : [ ]
  }, {
    "layout_id" : 1060001,
    "build_job_id" : "f4038ecf-e5e4-f316-4cc8-6a5fa9320aae",
    "rows" : 105,
    "byte_size" : 63725,
    "file_count" : 1,
    "source_rows" : 138,
    "source_byte_size" : 0,
    "partition_num" : 1,
    "partition_values" : [ ],
    "is_ready" : false,
    "create_time" : 1647781281399,
    "multi_partition" : [ ]
  }, {
    "layout_id" : 1030001,
    "build_job_id" : "f4038ecf-e5e4-f316-4cc8-6a5fa9320aae",
    "rows" : 44,
    "byte_size" : 57970,
    "file_count" : 1,
    "source_rows" : 105,
    "source_byte_size" : 0,
    "partition_num" : 1,
    "partition_values" : [ ],
    "is_ready" : false,
    "create_time" : 1647781282315,
    "multi_partition" : [ ]
  } ]
}