{
  "uuid" : "eaff12c8-87e3-45a8-9afd-7674e5e54764",
  "last_modified" : 1647781322000,
  "create_time" : 1647781314438,
  "version" : "4.0.0.0",
  "dataflow" : "741ca86a-1f13-46da-a59f-95fb68615e3a",
  "layout_instances" : [ {
    "layout_id" : 1060001,
    "build_job_id" : "c111d4f2-f6d1-82c7-4b5b-f69286f08293",
    "rows" : 105,
    "byte_size" : 94787,
    "file_count" : 1,
    "source_rows" : 276,
    "source_byte_size" : 0,
    "partition_num" : 1,
    "partition_values" : [ ],
    "is_ready" : false,
    "create_time" : 1647781339606,
    "multi_partition" : [ ]
  }, {
    "layout_id" : 1070001,
    "build_job_id" : "c111d4f2-f6d1-82c7-4b5b-f69286f08293",
    "rows" : 143,
    "byte_size" : 100345,
    "file_count" : 1,
    "source_rows" : 4797,
    "source_byte_size" : 0,
    "partition_num" : 1,
    "partition_values" : [ ],
    "is_ready" : false,
    "create_time" : 1647781339606,
    "multi_partition" : [ ]
  }, {
    "layout_id" : 1010001,
    "build_job_id" : "c111d4f2-f6d1-82c7-4b5b-f69286f08293",
    "rows" : 366,
    "byte_size" : 107601,
    "file_count" : 1,
    "source_rows" : 4652,
    "source_byte_size" : 0,
    "partition_num" : 1,
    "partition_values" : [ ],
    "is_ready" : false,
    "create_time" : 1647781339606,
    "multi_partition" : [ ]
  }, {
    "layout_id" : 1080001,
    "build_job_id" : "c111d4f2-f6d1-82c7-4b5b-f69286f08293",
    "rows" : 138,
    "byte_size" : 99374,
    "file_count" : 1,
    "source_rows" : 286,
    "source_byte_size" : 0,
    "partition_num" : 1,
    "partition_values" : [ ],
    "is_ready" : false,
    "create_time" : 1647781339606,
    "multi_partition" : [ ]
  }, {
    "layout_id" : 1030001,
    "build_job_id" : "c111d4f2-f6d1-82c7-4b5b-f69286f08293",
    "rows" : 44,
    "byte_size" : 86563,
    "file_count" : 1,
    "source_rows" : 210,
    "source_byte_size" : 0,
    "partition_num" : 1,
    "partition_values" : [ ],
    "is_ready" : false,
    "create_time" : 1647781339606,
    "multi_partition" : [ ]
  }, {
    "layout_id" : 1020001,
    "build_job_id" : "c111d4f2-f6d1-82c7-4b5b-f69286f08293",
    "rows" : 273,
    "byte_size" : 101660,
    "file_count" : 1,
    "source_rows" : 4652,
    "source_byte_size" : 0,
    "partition_num" : 1,
    "partition_values" : [ ],
    "is_ready" : false,
    "create_time" : 1647781339606,
    "multi_partition" : [ ]
  }, {
    "layout_id" : 10002,
    "build_job_id" : "c111d4f2-f6d1-82c7-4b5b-f69286f08293",
    "rows" : 5044,
    "byte_size" : 27125,
    "file_count" : 1,
    "source_rows" : 5044,
    "source_byte_size" : 0,
    "partition_num" : 1,
    "partition_values" : [ ],
    "is_ready" : false,
    "create_time" : 1647781339606,
    "multi_partition" : [ ]
  }, {
    "layout_id" : 30001,
    "build_job_id" : "c111d4f2-f6d1-82c7-4b5b-f69286f08293",
    "rows" : 5044,
    "byte_size" : 65791,
    "file_count" : 1,
    "source_rows" : 5044,
    "source_byte_size" : 0,
    "partition_num" : 1,
    "partition_values" : [ ],
    "is_ready" : false,
    "create_time" : 1647781339606,
    "multi_partition" : [ ]
  }, {
    "layout_id" : 10001,
    "build_job_id" : "c111d4f2-f6d1-82c7-4b5b-f69286f08293",
    "rows" : 5044,
    "byte_size" : 27125,
    "file_count" : 1,
    "source_rows" : 5044,
    "source_byte_size" : 0,
    "partition_num" : 1,
    "partition_values" : [ ],
    "is_ready" : false,
    "create_time" : 1647781339606,
    "multi_partition" : [ ]
  }, {
    "layout_id" : 20001,
    "build_job_id" : "c111d4f2-f6d1-82c7-4b5b-f69286f08293",
    "rows" : 5044,
    "byte_size" : 55244,
    "file_count" : 1,
    "source_rows" : 5044,
    "source_byte_size" : 0,
    "partition_num" : 1,
    "partition_values" : [ ],
    "is_ready" : false,
    "create_time" : 1647781339606,
    "multi_partition" : [ ]
  }, {
    "layout_id" : 1090001,
    "build_job_id" : "c111d4f2-f6d1-82c7-4b5b-f69286f08293",
    "rows" : 5033,
    "byte_size" : 354841,
    "file_count" : 1,
    "source_rows" : 5044,
    "source_byte_size" : 0,
    "partition_num" : 1,
    "partition_values" : [ ],
    "is_ready" : false,
    "create_time" : 1647781339606,
    "multi_partition" : [ ]
  }, {
    "layout_id" : 1100001,
    "build_job_id" : "c111d4f2-f6d1-82c7-4b5b-f69286f08293",
    "rows" : 5011,
    "byte_size" : 282033,
    "file_count" : 1,
    "source_rows" : 5044,
    "source_byte_size" : 0,
    "partition_num" : 1,
    "partition_values" : [ ],
    "is_ready" : false,
    "create_time" : 1647781339606,
    "multi_partition" : [ ]
  }, {
    "layout_id" : 1040001,
    "build_job_id" : "c111d4f2-f6d1-82c7-4b5b-f69286f08293",
    "rows" : 4652,
    "byte_size" : 266765,
    "file_count" : 1,
    "source_rows" : 5044,
    "source_byte_size" : 0,
    "partition_num" : 1,
    "partition_values" : [ ],
    "is_ready" : false,
    "create_time" : 1647781339606,
    "multi_partition" : [ ]
  }, {
    "layout_id" : 1,
    "build_job_id" : "c111d4f2-f6d1-82c7-4b5b-f69286f08293",
    "rows" : 5044,
    "byte_size" : 50102,
    "file_count" : 1,
    "source_rows" : 5044,
    "source_byte_size" : 0,
    "partition_num" : 1,
    "partition_values" : [ ],
    "is_ready" : false,
    "create_time" : 1647781339606,
    "multi_partition" : [ ]
  }, {
    "layout_id" : 20000010001,
    "build_job_id" : "c111d4f2-f6d1-82c7-4b5b-f69286f08293",
    "rows" : 5044,
    "byte_size" : 25929,
    "file_count" : 1,
    "source_rows" : 5044,
    "source_byte_size" : 0,
    "partition_num" : 1,
    "partition_values" : [ ],
    "is_ready" : false,
    "create_time" : 1647781339606,
    "multi_partition" : [ ]
  }, {
    "layout_id" : 20000000001,
    "build_job_id" : "c111d4f2-f6d1-82c7-4b5b-f69286f08293",
    "rows" : 5044,
    "byte_size" : 54003,
    "file_count" : 1,
    "source_rows" : 5044,
    "source_byte_size" : 0,
    "partition_num" : 1,
    "partition_values" : [ ],
    "is_ready" : false,
    "create_time" : 1647781339606,
    "multi_partition" : [ ]
  }, {
    "layout_id" : 20000020001,
    "build_job_id" : "c111d4f2-f6d1-82c7-4b5b-f69286f08293",
    "rows" : 5044,
    "byte_size" : 355455,
    "file_count" : 1,
    "source_rows" : 5044,
    "source_byte_size" : 0,
    "partition_num" : 1,
    "partition_values" : [ ],
    "is_ready" : false,
    "create_time" : 1647781339606,
    "multi_partition" : [ ]
  }, {
    "layout_id" : 1050001,
    "build_job_id" : "c111d4f2-f6d1-82c7-4b5b-f69286f08293",
    "rows" : 4797,
    "byte_size" : 286383,
    "file_count" : 1,
    "source_rows" : 5044,
    "source_byte_size" : 0,
    "partition_num" : 1,
    "partition_values" : [ ],
    "is_ready" : false,
    "create_time" : 1647781339606,
    "multi_partition" : [ ]
  }, {
    "layout_id" : 1000001,
    "build_job_id" : "c111d4f2-f6d1-82c7-4b5b-f69286f08293",
    "rows" : 5044,
    "byte_size" : 566713,
    "file_count" : 1,
    "source_rows" : 5044,
    "source_byte_size" : 0,
    "partition_num" : 1,
    "partition_values" : [ ],
    "is_ready" : false,
    "create_time" : 1647781339606,
    "multi_partition" : [ ]
  } ]
}