{
  "uuid" : "741ca86a-1f13-46da-a59f-95fb68615e3a",
  "last_modified" : 1647781282747,
  "create_time" : 1647781169899,
  "version" : "2.3.0.20500",
  "status" : "ONLINE",
  "cost" : 50,
  "query_hit_count" : 4,
  "last_query_time" : 0,
  "layout_query_hit_count" : { },
  "segments" : [ {
    "id" : "560a2791-1d7c-7fdc-f797-5f59d9d8b2f5",
    "name" : "20100101000000_20120601000000",
    "create_time_utc" : 1647781169943,
    "status" : "READY",
    "segRange" : {
      "@class" : "org.apache.kylin.metadata.model.SegmentRange$TimePartitionedSegmentRange",
      "date_range_start" : 1262275200000,
      "date_range_end" : 1338480000000
    },
    "timeRange" : null,
    "dimension_range_info_map" : {
      "22" : {
        "min" : "0",
        "max" : "4"
      },
      "23" : {
        "min" : "0",
        "max" : "4"
      },
      "24" : {
        "min" : "CN",
        "max" : "US"
      },
      "25" : {
        "min" : "China",
        "max" : "United States"
      },
      "26" : {
        "min" : "TEST0",
        "max" : "TEST999"
      },
      "27" : {
        "min" : "-93481.0800",
        "max" : "992393.1000"
      },
      "28" : {
        "min" : "2012",
        "max" : "2012"
      },
      "29" : {
        "min" : "-88.6600",
        "max" : "1010.8400"
      },
      "30" : {
        "min" : "-1063.9200",
        "max" : "12130.0800"
      },
      "31" : {
        "min" : "-1064",
        "max" : "12130"
      },
      "32" : {
        "min" : "-998032",
        "max" : "12040495"
      },
      "11" : {
        "min" : "-99.6600",
        "max" : "999.8400"
      },
      "12" : {
        "min" : "0",
        "max" : "999"
      },
      "13" : {
        "min" : "0",
        "max" : "4999"
      },
      "14" : {
        "min" : "2009-12-22",
        "max" : "2014-12-20"
      },
      "15" : {
        "min" : "2009-12-23 17:43:41.0",
        "max" : "2014-12-20 10:56:28.0"
      },
      "16" : {
        "min" : "-99",
        "max" : "16"
      },
      "17" : {
        "min" : "10000500",
        "max" : "10001499"
      },
      "18" : {
        "min" : "0",
        "max" : "4"
      },
      "19" : {
        "min" : "0",
        "max" : "4"
      },
      "0" : {
        "min" : "Australia",
        "max" : "英国"
      },
      "1" : {
        "min" : "0",
        "max" : "2053"
      },
      "2" : {
        "min" : "2012-01-01",
        "max" : "2012-05-31"
      },
      "3" : {
        "min" : "ABIN",
        "max" : "Others"
      },
      "4" : {
        "min" : "0",
        "max" : "211"
      },
      "5" : {
        "min" : "Abbigliamento e accessori",
        "max" : "eBay Premier"
      },
      "6" : {
        "min" : "Action Figures",
        "max" : "YarGarden & Outdoor Living"
      },
      "7" : {
        "min" : "1970-Now",
        "max" : "Wristwatches"
      },
      "8" : {
        "min" : "65",
        "max" : "175750"
      },
      "9" : {
        "min" : "10000001",
        "max" : "10000999"
      },
      "20" : {
        "min" : "CN",
        "max" : "US"
      },
      "21" : {
        "min" : "China",
        "max" : "United States"
      }
    },
    "parameters" : null,
    "dictionaries" : null,
    "snapshots" : null,
    "last_build_time" : 1647781192000,
    "source_count" : 2037,
    "source_bytes_size" : 1682470,
    "column_source_bytes" : {
      "DEFAULT.TEST_KYLIN_FACT.PRICE" : 16069,
      "DEFAULT.TEST_KYLIN_FACT.LEAF_CATEG_ID" : 10191,
      "DEFAULT.TEST_KYLIN_FACT.TEST_COUNT_DISTINCT_BITMAP" : 14049,
      "DEFAULT.TEST_KYLIN_FACT.DEAL_AMOUNT" : 21618,
      "EDW.TEST_CAL_DT.CAL_DT" : 7310,
      "DEFAULT.TEST_KYLIN_FACT.NEST4" : 13584,
      "DEFAULT.TEST_ACCOUNT.ACCOUNT_SELLER_LEVEL" : 4000,
      "DEFAULT.TEST_ACCOUNT.ACCOUNT_BUYER_LEVEL" : 4000,
      "DEFAULT.TEST_KYLIN_FACT.LSTG_SITE_ID" : 2564,
      "DEFAULT.TEST_KYLIN_FACT.LSTG_FORMAT_NAME" : 13319,
      "DEFAULT.TEST_KYLIN_FACT.TRANS_ID" : 5909,
      "DEFAULT.TEST_KYLIN_FACT.NEST1" : 16092,
      "DEFAULT.TEST_KYLIN_FACT.SELLER_ID" : 16296,
      "DEFAULT.TEST_CATEGORY_GROUPINGS.META_CATEG_NAME" : 2629,
      "EDW.TEST_SITES.SITE_NAME" : 1426,
      "DEFAULT.TEST_KYLIN_FACT.NEST3" : 8298,
      "DEFAULT.TEST_CATEGORY_GROUPINGS.CATEG_LVL3_NAME" : 2100,
      "DEFAULT.TEST_ORDER.TEST_TIME_ENC" : 42777,
      "DEFAULT.TEST_KYLIN_FACT.ORDER_ID" : 7695,
      "DEFAULT.TEST_ORDER.BUYER_ID" : 16296,
      "DEFAULT.TEST_KYLIN_FACT.DEAL_YEAR" : 8148,
      "DEFAULT.TEST_COUNTRY.NAME" : 3772,
      "DEFAULT.TEST_ACCOUNT.ACCOUNT_COUNTRY" : 8000,
      "DEFAULT.TEST_CATEGORY_GROUPINGS.CATEG_LVL2_NAME" : 2364,
      "DEFAULT.TEST_KYLIN_FACT.ITEM_COUNT" : 5903,
      "DEFAULT.TEST_ORDER.TEST_DATE_ENC" : 20370,
      "DEFAULT.TEST_KYLIN_FACT.NEST2" : 18483,
      "DEFAULT.TEST_KYLIN_FACT.SLR_SEGMENT_CD" : 4065,
      "DEFAULT.TEST_KYLIN_FACT.CAL_DT" : 20370
    },
    "ori_snapshot_size" : { },
    "additionalInfo" : { },
    "is_realtime_segment" : false,
    "is_snapshot_ready" : false,
    "is_dict_ready" : false,
    "is_flat_table_ready" : true,
    "is_fact_view_ready" : false,
    "multi_partitions" : [ ],
    "max_bucket_id" : -1
  }, {
    "id" : "075e3800-3708-db58-d418-2234d27a1178",
    "name" : "20120601000000_20130101000000",
    "create_time_utc" : 1647781193603,
    "status" : "READY",
    "segRange" : {
      "@class" : "org.apache.kylin.metadata.model.SegmentRange$TimePartitionedSegmentRange",
      "date_range_start" : 1338480000000,
      "date_range_end" : 1356969600000
    },
    "timeRange" : null,
    "dimension_range_info_map" : {
      "22" : {
        "min" : "0",
        "max" : "4"
      },
      "23" : {
        "min" : "0",
        "max" : "4"
      },
      "24" : {
        "min" : "CN",
        "max" : "US"
      },
      "25" : {
        "min" : "China",
        "max" : "United States"
      },
      "26" : {
        "min" : "TEST0",
        "max" : "TEST999"
      },
      "27" : {
        "min" : "-92118.8800",
        "max" : "946092.8400"
      },
      "28" : {
        "min" : "2012",
        "max" : "2012"
      },
      "29" : {
        "min" : "-88.2200",
        "max" : "1010.3800"
      },
      "30" : {
        "min" : "-1058.6400",
        "max" : "12124.5600"
      },
      "31" : {
        "min" : "-1059",
        "max" : "12125"
      },
      "32" : {
        "min" : "-982328",
        "max" : "11480712"
      },
      "11" : {
        "min" : "-99.2200",
        "max" : "999.3800"
      },
      "12" : {
        "min" : "0",
        "max" : "999"
      },
      "13" : {
        "min" : "0",
        "max" : "4999"
      },
      "14" : {
        "min" : "2009-12-22",
        "max" : "2014-12-20"
      },
      "15" : {
        "min" : "2009-12-22 11:16:02.0",
        "max" : "2014-12-20 12:50:51.0"
      },
      "16" : {
        "min" : "-99",
        "max" : "16"
      },
      "17" : {
        "min" : "10000500",
        "max" : "10001499"
      },
      "18" : {
        "min" : "0",
        "max" : "4"
      },
      "19" : {
        "min" : "0",
        "max" : "4"
      },
      "0" : {
        "min" : "Australia",
        "max" : "英国"
      },
      "1" : {
        "min" : "2054",
        "max" : "4902"
      },
      "2" : {
        "min" : "2012-06-01",
        "max" : "2012-12-31"
      },
      "3" : {
        "min" : "ABIN",
        "max" : "Others"
      },
      "4" : {
        "min" : "0",
        "max" : "211"
      },
      "5" : {
        "min" : "Abbigliamento e accessori",
        "max" : "eBay Premier"
      },
      "6" : {
        "min" : "Action Figures",
        "max" : "YarGarden & Outdoor Living"
      },
      "7" : {
        "min" : "1970-Now",
        "max" : "Wristwatches"
      },
      "8" : {
        "min" : "65",
        "max" : "175750"
      },
      "9" : {
        "min" : "10000000",
        "max" : "10000999"
      },
      "20" : {
        "min" : "CN",
        "max" : "US"
      },
      "21" : {
        "min" : "China",
        "max" : "United States"
      }
    },
    "parameters" : null,
    "dictionaries" : null,
    "snapshots" : null,
    "last_build_time" : 1647781219000,
    "source_count" : 2815,
    "source_bytes_size" : 1682470,
    "column_source_bytes" : {
      "DEFAULT.TEST_KYLIN_FACT.PRICE" : 22156,
      "DEFAULT.TEST_KYLIN_FACT.LEAF_CATEG_ID" : 14193,
      "DEFAULT.TEST_KYLIN_FACT.TEST_COUNT_DISTINCT_BITMAP" : 19386,
      "DEFAULT.TEST_KYLIN_FACT.DEAL_AMOUNT" : 29791,
      "EDW.TEST_CAL_DT.CAL_DT" : 7310,
      "DEFAULT.TEST_KYLIN_FACT.NEST4" : 18716,
      "DEFAULT.TEST_ACCOUNT.ACCOUNT_SELLER_LEVEL" : 4000,
      "DEFAULT.TEST_ACCOUNT.ACCOUNT_BUYER_LEVEL" : 4000,
      "DEFAULT.TEST_KYLIN_FACT.LSTG_SITE_ID" : 3468,
      "DEFAULT.TEST_KYLIN_FACT.LSTG_FORMAT_NAME" : 18736,
      "DEFAULT.TEST_KYLIN_FACT.TRANS_ID" : 11260,
      "DEFAULT.TEST_KYLIN_FACT.NEST1" : 22193,
      "DEFAULT.TEST_KYLIN_FACT.SELLER_ID" : 22520,
      "DEFAULT.TEST_CATEGORY_GROUPINGS.META_CATEG_NAME" : 2528,
      "EDW.TEST_SITES.SITE_NAME" : 1395,
      "DEFAULT.TEST_KYLIN_FACT.NEST3" : 11445,
      "DEFAULT.TEST_CATEGORY_GROUPINGS.CATEG_LVL3_NAME" : 2050,
      "DEFAULT.TEST_ORDER.TEST_TIME_ENC" : 59115,
      "DEFAULT.TEST_KYLIN_FACT.ORDER_ID" : 10584,
      "DEFAULT.TEST_ORDER.BUYER_ID" : 22520,
      "DEFAULT.TEST_KYLIN_FACT.DEAL_YEAR" : 11260,
      "DEFAULT.TEST_COUNTRY.NAME" : 3793,
      "DEFAULT.TEST_ACCOUNT.ACCOUNT_COUNTRY" : 8000,
      "DEFAULT.TEST_CATEGORY_GROUPINGS.CATEG_LVL2_NAME" : 2266,
      "DEFAULT.TEST_KYLIN_FACT.ITEM_COUNT" : 8160,
      "DEFAULT.TEST_ORDER.TEST_DATE_ENC" : 28150,
      "DEFAULT.TEST_KYLIN_FACT.NEST2" : 25520,
      "DEFAULT.TEST_KYLIN_FACT.SLR_SEGMENT_CD" : 5624,
      "DEFAULT.TEST_KYLIN_FACT.CAL_DT" : 28150
    },
    "ori_snapshot_size" : { },
    "additionalInfo" : { },
    "is_realtime_segment" : false,
    "is_snapshot_ready" : false,
    "is_dict_ready" : false,
    "is_flat_table_ready" : true,
    "is_fact_view_ready" : false,
    "multi_partitions" : [ ],
    "max_bucket_id" : -1
  }, {
    "id" : "1c57c772-0577-0d84-dc99-8f4827d70eb8",
    "name" : "20130101000000_20130601000000",
    "create_time_utc" : 1647781220723,
    "status" : "READY",
    "segRange" : {
      "@class" : "org.apache.kylin.metadata.model.SegmentRange$TimePartitionedSegmentRange",
      "date_range_start" : 1356969600000,
      "date_range_end" : 1370016000000
    },
    "timeRange" : null,
    "dimension_range_info_map" : {
      "22" : {
        "min" : "0",
        "max" : "4"
      },
      "23" : {
        "min" : "0",
        "max" : "4"
      },
      "24" : {
        "min" : "CN",
        "max" : "US"
      },
      "25" : {
        "min" : "China",
        "max" : "United States"
      },
      "26" : {
        "min" : "TEST0",
        "max" : "TEST998"
      },
      "27" : {
        "min" : "-82989.2000",
        "max" : "977648.9800"
      },
      "28" : {
        "min" : "2013",
        "max" : "2013"
      },
      "29" : {
        "min" : "-88.6500",
        "max" : "1009.6500"
      },
      "30" : {
        "min" : "-1063.8000",
        "max" : "12115.8000"
      },
      "31" : {
        "min" : "-1064",
        "max" : "12116"
      },
      "32" : {
        "min" : "-882536",
        "max" : "11860585"
      },
      "11" : {
        "min" : "-99.6500",
        "max" : "998.6500"
      },
      "12" : {
        "min" : "0",
        "max" : "999"
      },
      "13" : {
        "min" : "6",
        "max" : "4999"
      },
      "14" : {
        "min" : "2009-12-22",
        "max" : "2014-12-20"
      },
      "15" : {
        "min" : "2009-12-22 11:16:02.0",
        "max" : "2014-12-20 12:50:51.0"
      },
      "16" : {
        "min" : "-99",
        "max" : "16"
      },
      "17" : {
        "min" : "10000500",
        "max" : "10001497"
      },
      "18" : {
        "min" : "0",
        "max" : "4"
      },
      "19" : {
        "min" : "0",
        "max" : "4"
      },
      "0" : {
        "min" : "Australia",
        "max" : "英国"
      },
      "1" : {
        "min" : "4903",
        "max" : "7074"
      },
      "2" : {
        "min" : "2013-01-01",
        "max" : "2013-05-31"
      },
      "3" : {
        "min" : "ABIN",
        "max" : "Others"
      },
      "4" : {
        "min" : "0",
        "max" : "211"
      },
      "5" : {
        "min" : "Abbigliamento e accessori",
        "max" : "eBay Premier"
      },
      "6" : {
        "min" : "Action Figures",
        "max" : "YarGarden & Outdoor Living"
      },
      "7" : {
        "min" : "1970-Now",
        "max" : "Wristwatches"
      },
      "8" : {
        "min" : "65",
        "max" : "175750"
      },
      "9" : {
        "min" : "10000000",
        "max" : "10000999"
      },
      "20" : {
        "min" : "CN",
        "max" : "US"
      },
      "21" : {
        "min" : "China",
        "max" : "United States"
      }
    },
    "parameters" : null,
    "dictionaries" : null,
    "snapshots" : null,
    "last_build_time" : 1647781245000,
    "source_count" : 2154,
    "source_bytes_size" : 1682470,
    "column_source_bytes" : {
      "DEFAULT.TEST_KYLIN_FACT.PRICE" : 16997,
      "DEFAULT.TEST_KYLIN_FACT.LEAF_CATEG_ID" : 10843,
      "DEFAULT.TEST_KYLIN_FACT.TEST_COUNT_DISTINCT_BITMAP" : 14841,
      "DEFAULT.TEST_KYLIN_FACT.DEAL_AMOUNT" : 22815,
      "EDW.TEST_CAL_DT.CAL_DT" : 7310,
      "DEFAULT.TEST_KYLIN_FACT.NEST4" : 14332,
      "DEFAULT.TEST_ACCOUNT.ACCOUNT_SELLER_LEVEL" : 4000,
      "DEFAULT.TEST_ACCOUNT.ACCOUNT_BUYER_LEVEL" : 4000,
      "DEFAULT.TEST_KYLIN_FACT.LSTG_SITE_ID" : 2731,
      "DEFAULT.TEST_KYLIN_FACT.LSTG_FORMAT_NAME" : 14341,
      "DEFAULT.TEST_KYLIN_FACT.TRANS_ID" : 8616,
      "DEFAULT.TEST_KYLIN_FACT.NEST1" : 17001,
      "DEFAULT.TEST_KYLIN_FACT.SELLER_ID" : 17232,
      "DEFAULT.TEST_CATEGORY_GROUPINGS.META_CATEG_NAME" : 2634,
      "EDW.TEST_SITES.SITE_NAME" : 1416,
      "DEFAULT.TEST_KYLIN_FACT.NEST3" : 8753,
      "DEFAULT.TEST_CATEGORY_GROUPINGS.CATEG_LVL3_NAME" : 2051,
      "DEFAULT.TEST_ORDER.TEST_TIME_ENC" : 45234,
      "DEFAULT.TEST_KYLIN_FACT.ORDER_ID" : 8109,
      "DEFAULT.TEST_ORDER.BUYER_ID" : 17232,
      "DEFAULT.TEST_KYLIN_FACT.DEAL_YEAR" : 8616,
      "DEFAULT.TEST_COUNTRY.NAME" : 3738,
      "DEFAULT.TEST_ACCOUNT.ACCOUNT_COUNTRY" : 8000,
      "DEFAULT.TEST_CATEGORY_GROUPINGS.CATEG_LVL2_NAME" : 2303,
      "DEFAULT.TEST_KYLIN_FACT.ITEM_COUNT" : 6214,
      "DEFAULT.TEST_ORDER.TEST_DATE_ENC" : 21540,
      "DEFAULT.TEST_KYLIN_FACT.NEST2" : 19521,
      "DEFAULT.TEST_KYLIN_FACT.SLR_SEGMENT_CD" : 4290,
      "DEFAULT.TEST_KYLIN_FACT.CAL_DT" : 21540
    },
    "ori_snapshot_size" : { },
    "additionalInfo" : { },
    "is_realtime_segment" : false,
    "is_snapshot_ready" : false,
    "is_dict_ready" : false,
    "is_flat_table_ready" : true,
    "is_fact_view_ready" : false,
    "multi_partitions" : [ ],
    "max_bucket_id" : -1
  }, {
    "id" : "b5101f79-fb5a-3907-7ccc-56006d7beda5",
    "name" : "20130601000000_20150101000000",
    "create_time_utc" : 1647781246865,
    "status" : "NEW",
    "segRange" : {
      "@class" : "org.apache.kylin.metadata.model.SegmentRange$TimePartitionedSegmentRange",
      "date_range_start" : 1370016000000,
      "date_range_end" : 1420041600000
    },
    "timeRange" : null,
    "dimension_range_info_map" : {
      "22" : {
        "min" : "0",
        "max" : "4"
      },
      "23" : {
        "min" : "0",
        "max" : "4"
      },
      "24" : {
        "min" : "CN",
        "max" : "US"
      },
      "25" : {
        "min" : "China",
        "max" : "United States"
      },
      "26" : {
        "min" : "TEST0",
        "max" : "TEST999"
      },
      "27" : {
        "min" : "-92830.2000",
        "max" : "982463.0000"
      },
      "28" : {
        "min" : "2013",
        "max" : "2014"
      },
      "29" : {
        "min" : "-88.7900",
        "max" : "1010.5700"
      },
      "30" : {
        "min" : "-1065.4800",
        "max" : "12126.8400"
      },
      "31" : {
        "min" : "-1065",
        "max" : "12127"
      },
      "32" : {
        "min" : "-986442",
        "max" : "11921095"
      },
      "11" : {
        "min" : "-99.7900",
        "max" : "999.5700"
      },
      "12" : {
        "min" : "0",
        "max" : "999"
      },
      "13" : {
        "min" : "6",
        "max" : "4999"
      },
      "14" : {
        "min" : "2009-12-22",
        "max" : "2014-12-20"
      },
      "15" : {
        "min" : "2009-12-22 20:41:40.0",
        "max" : "2014-12-20 20:34:20.0"
      },
      "16" : {
        "min" : "-99",
        "max" : "16"
      },
      "17" : {
        "min" : "10000500",
        "max" : "10001499"
      },
      "18" : {
        "min" : "0",
        "max" : "4"
      },
      "19" : {
        "min" : "0",
        "max" : "4"
      },
      "0" : {
        "min" : "Australia",
        "max" : "英国"
      },
      "1" : {
        "min" : "7075",
        "max" : "9999"
      },
      "2" : {
        "min" : "2013-06-01",
        "max" : "2014-01-01"
      },
      "3" : {
        "min" : "ABIN",
        "max" : "Others"
      },
      "4" : {
        "min" : "0",
        "max" : "211"
      },
      "5" : {
        "min" : "Abbigliamento e accessori",
        "max" : "eBay Premier"
      },
      "6" : {
        "min" : "Action Figures",
        "max" : "YarGarden & Outdoor Living"
      },
      "7" : {
        "min" : "1970-Now",
        "max" : "Wristwatches"
      },
      "8" : {
        "min" : "65",
        "max" : "175750"
      },
      "9" : {
        "min" : "10000000",
        "max" : "10000999"
      },
      "20" : {
        "min" : "CN",
        "max" : "US"
      },
      "21" : {
        "min" : "China",
        "max" : "United States"
      }
    },
    "parameters" : null,
    "dictionaries" : null,
    "snapshots" : null,
    "last_build_time" : 0,
    "source_count" : 2890,
    "source_bytes_size" : 1682470,
    "column_source_bytes" : {
      "DEFAULT.TEST_KYLIN_FACT.PRICE" : 22799,
      "DEFAULT.TEST_KYLIN_FACT.LEAF_CATEG_ID" : 14551,
      "DEFAULT.TEST_KYLIN_FACT.TEST_COUNT_DISTINCT_BITMAP" : 19932,
      "DEFAULT.TEST_KYLIN_FACT.DEAL_AMOUNT" : 30613,
      "EDW.TEST_CAL_DT.CAL_DT" : 7310,
      "DEFAULT.TEST_KYLIN_FACT.NEST4" : 19238,
      "DEFAULT.TEST_ACCOUNT.ACCOUNT_SELLER_LEVEL" : 4000,
      "DEFAULT.TEST_ACCOUNT.ACCOUNT_BUYER_LEVEL" : 4000,
      "DEFAULT.TEST_KYLIN_FACT.LSTG_SITE_ID" : 3661,
      "DEFAULT.TEST_KYLIN_FACT.LSTG_FORMAT_NAME" : 19339,
      "DEFAULT.TEST_KYLIN_FACT.TRANS_ID" : 11560,
      "DEFAULT.TEST_KYLIN_FACT.NEST1" : 22833,
      "DEFAULT.TEST_KYLIN_FACT.SELLER_ID" : 23120,
      "DEFAULT.TEST_CATEGORY_GROUPINGS.META_CATEG_NAME" : 2568,
      "EDW.TEST_SITES.SITE_NAME" : 1407,
      "DEFAULT.TEST_KYLIN_FACT.NEST3" : 11822,
      "DEFAULT.TEST_CATEGORY_GROUPINGS.CATEG_LVL3_NAME" : 1992,
      "DEFAULT.TEST_ORDER.TEST_TIME_ENC" : 60690,
      "DEFAULT.TEST_KYLIN_FACT.ORDER_ID" : 10924,
      "DEFAULT.TEST_ORDER.BUYER_ID" : 23120,
      "DEFAULT.TEST_KYLIN_FACT.DEAL_YEAR" : 11560,
      "DEFAULT.TEST_COUNTRY.NAME" : 3726,
      "DEFAULT.TEST_ACCOUNT.ACCOUNT_COUNTRY" : 8000,
      "DEFAULT.TEST_CATEGORY_GROUPINGS.CATEG_LVL2_NAME" : 2303,
      "DEFAULT.TEST_KYLIN_FACT.ITEM_COUNT" : 8340,
      "DEFAULT.TEST_ORDER.TEST_DATE_ENC" : 28900,
      "DEFAULT.TEST_KYLIN_FACT.NEST2" : 26272,
      "DEFAULT.TEST_KYLIN_FACT.SLR_SEGMENT_CD" : 5722,
      "DEFAULT.TEST_KYLIN_FACT.CAL_DT" : 28900
    },
    "ori_snapshot_size" : { },
    "additionalInfo" : { },
    "is_realtime_segment" : false,
    "is_snapshot_ready" : false,
    "is_dict_ready" : true,
    "is_flat_table_ready" : true,
    "is_fact_view_ready" : false,
    "multi_partitions" : [ ],
    "max_bucket_id" : -1
  } ]
}