{
  "uuid" : "003882a1-3f87-7ee0-b85d-3e6668be2991",
  "last_modified" : 1647781065594,
  "create_time" : 1647781065594,
  "version" : "4.0.0.0",
  "dataflow" : "89af4ee2-2cdb-4b07-b39e-4c29856309aa",
  "layout_instances" : [ {
    "layout_id" : 20000030001,
    "build_job_id" : "02b5924b-d228-c877-3a39-776858ffd662",
    "rows" : 2849,
    "byte_size" : 31390,
    "file_count" : 1,
    "source_rows" : 2849,
    "source_byte_size" : 0,
    "partition_num" : 1,
    "partition_values" : [ ],
    "is_ready" : false,
    "create_time" : 1647781081878,
    "multi_partition" : [ ]
  }, {
    "layout_id" : 20000020001,
    "build_job_id" : "02b5924b-d228-c877-3a39-776858ffd662",
    "rows" : 2849,
    "byte_size" : 245434,
    "file_count" : 1,
    "source_rows" : 2849,
    "source_byte_size" : 0,
    "partition_num" : 1,
    "partition_values" : [ ],
    "is_ready" : false,
    "create_time" : 1647781082181,
    "multi_partition" : [ ]
  }, {
    "layout_id" : 20000000001,
    "build_job_id" : "02b5924b-d228-c877-3a39-776858ffd662",
    "rows" : 2849,
    "byte_size" : 31157,
    "file_count" : 1,
    "source_rows" : 2849,
    "source_byte_size" : 0,
    "partition_num" : 1,
    "partition_values" : [ ],
    "is_ready" : false,
    "create_time" : 1647781082942,
    "multi_partition" : [ ]
  }, {
    "layout_id" : 20000010001,
    "build_job_id" : "02b5924b-d228-c877-3a39-776858ffd662",
    "rows" : 2849,
    "byte_size" : 15002,
    "file_count" : 1,
    "source_rows" : 2849,
    "source_byte_size" : 0,
    "partition_num" : 1,
    "partition_values" : [ ],
    "is_ready" : false,
    "create_time" : 1647781083863,
    "multi_partition" : [ ]
  }, {
    "layout_id" : 1000001,
    "build_job_id" : "02b5924b-d228-c877-3a39-776858ffd662",
    "rows" : 2849,
    "byte_size" : 374160,
    "file_count" : 1,
    "source_rows" : 2849,
    "source_byte_size" : 0,
    "partition_num" : 1,
    "partition_values" : [ ],
    "is_ready" : false,
    "create_time" : 1647781084545,
    "multi_partition" : [ ]
  }, {
    "layout_id" : 30001,
    "build_job_id" : "02b5924b-d228-c877-3a39-776858ffd662",
    "rows" : 2849,
    "byte_size" : 41346,
    "file_count" : 1,
    "source_rows" : 2849,
    "source_byte_size" : 0,
    "partition_num" : 1,
    "partition_values" : [ ],
    "is_ready" : false,
    "create_time" : 1647781085542,
    "multi_partition" : [ ]
  }, {
    "layout_id" : 20001,
    "build_job_id" : "02b5924b-d228-c877-3a39-776858ffd662",
    "rows" : 2849,
    "byte_size" : 32392,
    "file_count" : 1,
    "source_rows" : 2849,
    "source_byte_size" : 0,
    "partition_num" : 1,
    "partition_values" : [ ],
    "is_ready" : false,
    "create_time" : 1647781086694,
    "multi_partition" : [ ]
  }, {
    "layout_id" : 10001,
    "build_job_id" : "02b5924b-d228-c877-3a39-776858ffd662",
    "rows" : 2849,
    "byte_size" : 31009,
    "file_count" : 1,
    "source_rows" : 2849,
    "source_byte_size" : 0,
    "partition_num" : 1,
    "partition_values" : [ ],
    "is_ready" : false,
    "create_time" : 1647781087961,
    "multi_partition" : [ ]
  }, {
    "layout_id" : 10002,
    "build_job_id" : "02b5924b-d228-c877-3a39-776858ffd662",
    "rows" : 2849,
    "byte_size" : 31009,
    "file_count" : 1,
    "source_rows" : 2849,
    "source_byte_size" : 0,
    "partition_num" : 1,
    "partition_values" : [ ],
    "is_ready" : false,
    "create_time" : 1647781088990,
    "multi_partition" : [ ]
  }, {
    "layout_id" : 1,
    "build_job_id" : "02b5924b-d228-c877-3a39-776858ffd662",
    "rows" : 2849,
    "byte_size" : 29414,
    "file_count" : 1,
    "source_rows" : 2849,
    "source_byte_size" : 0,
    "partition_num" : 1,
    "partition_values" : [ ],
    "is_ready" : false,
    "create_time" : 1647781088990,
    "multi_partition" : [ ]
  } ]
}