{
  "uuid" : "8e8234cf-1322-fc46-4a0d-c945151ecf00",
  "last_modified" : 1647781037767,
  "create_time" : 1647781037767,
  "version" : "4.0.0.0",
  "dataflow" : "89af4ee2-2cdb-4b07-b39e-4c29856309aa",
  "layout_instances" : [ {
    "layout_id" : 20000030001,
    "build_job_id" : "0ceb001d-7d77-5da5-8860-fafcf55abda1",
    "rows" : 2054,
    "byte_size" : 23692,
    "file_count" : 1,
    "source_rows" : 2054,
    "source_byte_size" : 0,
    "partition_num" : 1,
    "partition_values" : [ ],
    "is_ready" : false,
    "create_time" : 1647781057009,
    "multi_partition" : [ ]
  }, {
    "layout_id" : 20000020001,
    "build_job_id" : "0ceb001d-7d77-5da5-8860-fafcf55abda1",
    "rows" : 2054,
    "byte_size" : 189018,
    "file_count" : 1,
    "source_rows" : 2054,
    "source_byte_size" : 0,
    "partition_num" : 1,
    "partition_values" : [ ],
    "is_ready" : false,
    "create_time" : 1647781057223,
    "multi_partition" : [ ]
  }, {
    "layout_id" : 20000000001,
    "build_job_id" : "0ceb001d-7d77-5da5-8860-fafcf55abda1",
    "rows" : 2054,
    "byte_size" : 23684,
    "file_count" : 1,
    "source_rows" : 2054,
    "source_byte_size" : 0,
    "partition_num" : 1,
    "partition_values" : [ ],
    "is_ready" : false,
    "create_time" : 1647781058327,
    "multi_partition" : [ ]
  }, {
    "layout_id" : 20000010001,
    "build_job_id" : "0ceb001d-7d77-5da5-8860-fafcf55abda1",
    "rows" : 2054,
    "byte_size" : 11891,
    "file_count" : 1,
    "source_rows" : 2054,
    "source_byte_size" : 0,
    "partition_num" : 1,
    "partition_values" : [ ],
    "is_ready" : false,
    "create_time" : 1647781059162,
    "multi_partition" : [ ]
  }, {
    "layout_id" : 1000001,
    "build_job_id" : "0ceb001d-7d77-5da5-8860-fafcf55abda1",
    "rows" : 2054,
    "byte_size" : 285964,
    "file_count" : 1,
    "source_rows" : 2054,
    "source_byte_size" : 0,
    "partition_num" : 1,
    "partition_values" : [ ],
    "is_ready" : false,
    "create_time" : 1647781060333,
    "multi_partition" : [ ]
  }, {
    "layout_id" : 30001,
    "build_job_id" : "0ceb001d-7d77-5da5-8860-fafcf55abda1",
    "rows" : 2054,
    "byte_size" : 32330,
    "file_count" : 1,
    "source_rows" : 2054,
    "source_byte_size" : 0,
    "partition_num" : 1,
    "partition_values" : [ ],
    "is_ready" : false,
    "create_time" : 1647781061167,
    "multi_partition" : [ ]
  }, {
    "layout_id" : 20001,
    "build_job_id" : "0ceb001d-7d77-5da5-8860-fafcf55abda1",
    "rows" : 2054,
    "byte_size" : 24909,
    "file_count" : 1,
    "source_rows" : 2054,
    "source_byte_size" : 0,
    "partition_num" : 1,
    "partition_values" : [ ],
    "is_ready" : false,
    "create_time" : 1647781062000,
    "multi_partition" : [ ]
  }, {
    "layout_id" : 10002,
    "build_job_id" : "0ceb001d-7d77-5da5-8860-fafcf55abda1",
    "rows" : 2054,
    "byte_size" : 23827,
    "file_count" : 1,
    "source_rows" : 2054,
    "source_byte_size" : 0,
    "partition_num" : 1,
    "partition_values" : [ ],
    "is_ready" : false,
    "create_time" : 1647781063063,
    "multi_partition" : [ ]
  }, {
    "layout_id" : 10001,
    "build_job_id" : "0ceb001d-7d77-5da5-8860-fafcf55abda1",
    "rows" : 2054,
    "byte_size" : 23827,
    "file_count" : 1,
    "source_rows" : 2054,
    "source_byte_size" : 0,
    "partition_num" : 1,
    "partition_values" : [ ],
    "is_ready" : false,
    "create_time" : 1647781063855,
    "multi_partition" : [ ]
  }, {
    "layout_id" : 1,
    "build_job_id" : "0ceb001d-7d77-5da5-8860-fafcf55abda1",
    "rows" : 2054,
    "byte_size" : 22615,
    "file_count" : 1,
    "source_rows" : 2054,
    "source_byte_size" : 0,
    "partition_num" : 1,
    "partition_values" : [ ],
    "is_ready" : false,
    "create_time" : 1647781063856,
    "multi_partition" : [ ]
  } ]
}