{
  "uuid" : "4dd640be-197d-f557-2a74-c617eb19e54e",
  "last_modified" : 1647781155622,
  "create_time" : 1647781138180,
  "version" : "4.0.0.0",
  "dataflow" : "89af4ee2-2cdb-4b07-b39e-4c29856309aa",
  "layout_instances" : [ {
    "layout_id" : 10001,
    "build_job_id" : "a053b07d-0cb4-7314-b044-4aef22c67549",
    "rows" : 4903,
    "byte_size" : 52414,
    "file_count" : 1,
    "source_rows" : 4903,
    "source_byte_size" : 0,
    "partition_num" : 1,
    "partition_values" : [ ],
    "is_ready" : false,
    "create_time" : 1647781153925,
    "multi_partition" : [ ]
  }, {
    "layout_id" : 10002,
    "build_job_id" : "a053b07d-0cb4-7314-b044-4aef22c67549",
    "rows" : 4903,
    "byte_size" : 52414,
    "file_count" : 1,
    "source_rows" : 4903,
    "source_byte_size" : 0,
    "partition_num" : 1,
    "partition_values" : [ ],
    "is_ready" : false,
    "create_time" : 1647781153925,
    "multi_partition" : [ ]
  }, {
    "layout_id" : 30001,
    "build_job_id" : "a053b07d-0cb4-7314-b044-4aef22c67549",
    "rows" : 4903,
    "byte_size" : 67063,
    "file_count" : 1,
    "source_rows" : 4903,
    "source_byte_size" : 0,
    "partition_num" : 1,
    "partition_values" : [ ],
    "is_ready" : false,
    "create_time" : 1647781153925,
    "multi_partition" : [ ]
  }, {
    "layout_id" : 1,
    "build_job_id" : "a053b07d-0cb4-7314-b044-4aef22c67549",
    "rows" : 4903,
    "byte_size" : 49506,
    "file_count" : 1,
    "source_rows" : 4903,
    "source_byte_size" : 0,
    "partition_num" : 1,
    "partition_values" : [ ],
    "is_ready" : false,
    "create_time" : 1647781153925,
    "multi_partition" : [ ]
  }, {
    "layout_id" : 20001,
    "build_job_id" : "a053b07d-0cb4-7314-b044-4aef22c67549",
    "rows" : 4903,
    "byte_size" : 54569,
    "file_count" : 1,
    "source_rows" : 4903,
    "source_byte_size" : 0,
    "partition_num" : 1,
    "partition_values" : [ ],
    "is_ready" : false,
    "create_time" : 1647781153925,
    "multi_partition" : [ ]
  }, {
    "layout_id" : 20000010001,
    "build_job_id" : "a053b07d-0cb4-7314-b044-4aef22c67549",
    "rows" : 4903,
    "byte_size" : 26059,
    "file_count" : 1,
    "source_rows" : 4903,
    "source_byte_size" : 0,
    "partition_num" : 1,
    "partition_values" : [ ],
    "is_ready" : false,
    "create_time" : 1647781153925,
    "multi_partition" : [ ]
  }, {
    "layout_id" : 20000000001,
    "build_job_id" : "a053b07d-0cb4-7314-b044-4aef22c67549",
    "rows" : 4903,
    "byte_size" : 53337,
    "file_count" : 1,
    "source_rows" : 4903,
    "source_byte_size" : 0,
    "partition_num" : 1,
    "partition_values" : [ ],
    "is_ready" : false,
    "create_time" : 1647781153925,
    "multi_partition" : [ ]
  }, {
    "layout_id" : 20000030001,
    "build_job_id" : "a053b07d-0cb4-7314-b044-4aef22c67549",
    "rows" : 4903,
    "byte_size" : 53603,
    "file_count" : 1,
    "source_rows" : 4903,
    "source_byte_size" : 0,
    "partition_num" : 1,
    "partition_values" : [ ],
    "is_ready" : false,
    "create_time" : 1647781153925,
    "multi_partition" : [ ]
  }, {
    "layout_id" : 20000020001,
    "build_job_id" : "a053b07d-0cb4-7314-b044-4aef22c67549",
    "rows" : 4903,
    "byte_size" : 380732,
    "file_count" : 1,
    "source_rows" : 4903,
    "source_byte_size" : 0,
    "partition_num" : 1,
    "partition_values" : [ ],
    "is_ready" : false,
    "create_time" : 1647781153925,
    "multi_partition" : [ ]
  }, {
    "layout_id" : 1000001,
    "build_job_id" : "a053b07d-0cb4-7314-b044-4aef22c67549",
    "rows" : 4903,
    "byte_size" : 591913,
    "file_count" : 1,
    "source_rows" : 4903,
    "source_byte_size" : 0,
    "partition_num" : 1,
    "partition_values" : [ ],
    "is_ready" : false,
    "create_time" : 1647781153925,
    "multi_partition" : [ ]
  } ]
}