{
  "uuid" : "7ec698a4-610e-f1cb-cce7-9053725fe647",
  "last_modified" : 1647781114521,
  "create_time" : 1647781114521,
  "version" : "4.0.0.0",
  "dataflow" : "89af4ee2-2cdb-4b07-b39e-4c29856309aa",
  "layout_instances" : [ {
    "layout_id" : 20000030001,
    "build_job_id" : "e5c40bf8-1c7f-1394-4ff8-0ce1cc1dab4d",
    "rows" : 2925,
    "byte_size" : 32249,
    "file_count" : 1,
    "source_rows" : 2925,
    "source_byte_size" : 0,
    "partition_num" : 1,
    "partition_values" : [ ],
    "is_ready" : false,
    "create_time" : 1647781130330,
    "multi_partition" : [ ]
  }, {
    "layout_id" : 20000020001,
    "build_job_id" : "e5c40bf8-1c7f-1394-4ff8-0ce1cc1dab4d",
    "rows" : 2925,
    "byte_size" : 250211,
    "file_count" : 1,
    "source_rows" : 2925,
    "source_byte_size" : 0,
    "partition_num" : 1,
    "partition_values" : [ ],
    "is_ready" : false,
    "create_time" : 1647781130649,
    "multi_partition" : [ ]
  }, {
    "layout_id" : 20000000001,
    "build_job_id" : "e5c40bf8-1c7f-1394-4ff8-0ce1cc1dab4d",
    "rows" : 2925,
    "byte_size" : 31906,
    "file_count" : 1,
    "source_rows" : 2925,
    "source_byte_size" : 0,
    "partition_num" : 1,
    "partition_values" : [ ],
    "is_ready" : false,
    "create_time" : 1647781131486,
    "multi_partition" : [ ]
  }, {
    "layout_id" : 20000010001,
    "build_job_id" : "e5c40bf8-1c7f-1394-4ff8-0ce1cc1dab4d",
    "rows" : 2925,
    "byte_size" : 15356,
    "file_count" : 1,
    "source_rows" : 2925,
    "source_byte_size" : 0,
    "partition_num" : 1,
    "partition_values" : [ ],
    "is_ready" : false,
    "create_time" : 1647781132629,
    "multi_partition" : [ ]
  }, {
    "layout_id" : 1000001,
    "build_job_id" : "e5c40bf8-1c7f-1394-4ff8-0ce1cc1dab4d",
    "rows" : 2925,
    "byte_size" : 381886,
    "file_count" : 1,
    "source_rows" : 2925,
    "source_byte_size" : 0,
    "partition_num" : 1,
    "partition_values" : [ ],
    "is_ready" : false,
    "create_time" : 1647781132984,
    "multi_partition" : [ ]
  }, {
    "layout_id" : 30001,
    "build_job_id" : "e5c40bf8-1c7f-1394-4ff8-0ce1cc1dab4d",
    "rows" : 2925,
    "byte_size" : 42278,
    "file_count" : 1,
    "source_rows" : 2925,
    "source_byte_size" : 0,
    "partition_num" : 1,
    "partition_values" : [ ],
    "is_ready" : false,
    "create_time" : 1647781133930,
    "multi_partition" : [ ]
  }, {
    "layout_id" : 20001,
    "build_job_id" : "e5c40bf8-1c7f-1394-4ff8-0ce1cc1dab4d",
    "rows" : 2925,
    "byte_size" : 33140,
    "file_count" : 1,
    "source_rows" : 2925,
    "source_byte_size" : 0,
    "partition_num" : 1,
    "partition_values" : [ ],
    "is_ready" : false,
    "create_time" : 1647781134855,
    "multi_partition" : [ ]
  }, {
    "layout_id" : 10001,
    "build_job_id" : "e5c40bf8-1c7f-1394-4ff8-0ce1cc1dab4d",
    "rows" : 2925,
    "byte_size" : 31727,
    "file_count" : 1,
    "source_rows" : 2925,
    "source_byte_size" : 0,
    "partition_num" : 1,
    "partition_values" : [ ],
    "is_ready" : false,
    "create_time" : 1647781135620,
    "multi_partition" : [ ]
  }, {
    "layout_id" : 10002,
    "build_job_id" : "e5c40bf8-1c7f-1394-4ff8-0ce1cc1dab4d",
    "rows" : 2925,
    "byte_size" : 31727,
    "file_count" : 1,
    "source_rows" : 2925,
    "source_byte_size" : 0,
    "partition_num" : 1,
    "partition_values" : [ ],
    "is_ready" : false,
    "create_time" : 1647781136518,
    "multi_partition" : [ ]
  }, {
    "layout_id" : 1,
    "build_job_id" : "e5c40bf8-1c7f-1394-4ff8-0ce1cc1dab4d",
    "rows" : 2925,
    "byte_size" : 30118,
    "file_count" : 1,
    "source_rows" : 2925,
    "source_byte_size" : 0,
    "partition_num" : 1,
    "partition_values" : [ ],
    "is_ready" : false,
    "create_time" : 1647781136518,
    "multi_partition" : [ ]
  } ]
}