{
  "uuid" : "83440abd-9c3d-20a5-2de3-aeec55fa16c3",
  "last_modified" : 1647781090724,
  "create_time" : 1647781090724,
  "version" : "4.0.0.0",
  "dataflow" : "89af4ee2-2cdb-4b07-b39e-4c29856309aa",
  "layout_instances" : [ {
    "layout_id" : 20000030001,
    "build_job_id" : "f8ea56e3-8129-2079-a110-fb99beb96dc4",
    "rows" : 2172,
    "byte_size" : 24295,
    "file_count" : 1,
    "source_rows" : 2172,
    "source_byte_size" : 0,
    "partition_num" : 1,
    "partition_values" : [ ],
    "is_ready" : false,
    "create_time" : 1647781107499,
    "multi_partition" : [ ]
  }, {
    "layout_id" : 20000020001,
    "build_job_id" : "f8ea56e3-8129-2079-a110-fb99beb96dc4",
    "rows" : 2172,
    "byte_size" : 197967,
    "file_count" : 1,
    "source_rows" : 2172,
    "source_byte_size" : 0,
    "partition_num" : 1,
    "partition_values" : [ ],
    "is_ready" : false,
    "create_time" : 1647781107781,
    "multi_partition" : [ ]
  }, {
    "layout_id" : 20000000001,
    "build_job_id" : "f8ea56e3-8129-2079-a110-fb99beb96dc4",
    "rows" : 2172,
    "byte_size" : 24102,
    "file_count" : 1,
    "source_rows" : 2172,
    "source_byte_size" : 0,
    "partition_num" : 1,
    "partition_values" : [ ],
    "is_ready" : false,
    "create_time" : 1647781108753,
    "multi_partition" : [ ]
  }, {
    "layout_id" : 1000001,
    "build_job_id" : "f8ea56e3-8129-2079-a110-fb99beb96dc4",
    "rows" : 2172,
    "byte_size" : 299384,
    "file_count" : 1,
    "source_rows" : 2172,
    "source_byte_size" : 0,
    "partition_num" : 1,
    "partition_values" : [ ],
    "is_ready" : false,
    "create_time" : 1647781109878,
    "multi_partition" : [ ]
  }, {
    "layout_id" : 20000010001,
    "build_job_id" : "f8ea56e3-8129-2079-a110-fb99beb96dc4",
    "rows" : 2172,
    "byte_size" : 11646,
    "file_count" : 1,
    "source_rows" : 2172,
    "source_byte_size" : 0,
    "partition_num" : 1,
    "partition_values" : [ ],
    "is_ready" : false,
    "create_time" : 1647781110038,
    "multi_partition" : [ ]
  }, {
    "layout_id" : 30001,
    "build_job_id" : "f8ea56e3-8129-2079-a110-fb99beb96dc4",
    "rows" : 2172,
    "byte_size" : 33007,
    "file_count" : 1,
    "source_rows" : 2172,
    "source_byte_size" : 0,
    "partition_num" : 1,
    "partition_values" : [ ],
    "is_ready" : false,
    "create_time" : 1647781110563,
    "multi_partition" : [ ]
  }, {
    "layout_id" : 20001,
    "build_job_id" : "f8ea56e3-8129-2079-a110-fb99beb96dc4",
    "rows" : 2172,
    "byte_size" : 25334,
    "file_count" : 1,
    "source_rows" : 2172,
    "source_byte_size" : 0,
    "partition_num" : 1,
    "partition_values" : [ ],
    "is_ready" : false,
    "create_time" : 1647781111254,
    "multi_partition" : [ ]
  }, {
    "layout_id" : 10001,
    "build_job_id" : "f8ea56e3-8129-2079-a110-fb99beb96dc4",
    "rows" : 2172,
    "byte_size" : 24207,
    "file_count" : 1,
    "source_rows" : 2172,
    "source_byte_size" : 0,
    "partition_num" : 1,
    "partition_values" : [ ],
    "is_ready" : false,
    "create_time" : 1647781112132,
    "multi_partition" : [ ]
  }, {
    "layout_id" : 10002,
    "build_job_id" : "f8ea56e3-8129-2079-a110-fb99beb96dc4",
    "rows" : 2172,
    "byte_size" : 24207,
    "file_count" : 1,
    "source_rows" : 2172,
    "source_byte_size" : 0,
    "partition_num" : 1,
    "partition_values" : [ ],
    "is_ready" : false,
    "create_time" : 1647781113008,
    "multi_partition" : [ ]
  }, {
    "layout_id" : 1,
    "build_job_id" : "f8ea56e3-8129-2079-a110-fb99beb96dc4",
    "rows" : 2172,
    "byte_size" : 23007,
    "file_count" : 1,
    "source_rows" : 2172,
    "source_byte_size" : 0,
    "partition_num" : 1,
    "partition_values" : [ ],
    "is_ready" : false,
    "create_time" : 1647781113008,
    "multi_partition" : [ ]
  } ]
}