{
  "uuid" : "89af4ee2-2cdb-4b07-b39e-4c29856309aa",
  "last_modified" : 1647781112133,
  "create_time" : 1647781037742,
  "version" : "2.3.0.20500",
  "status" : "ONLINE",
  "cost" : 50,
  "query_hit_count" : 3,
  "last_query_time" : 0,
  "layout_query_hit_count" : { },
  "segments" : [ {
    "id" : "8e8234cf-1322-fc46-4a0d-c945151ecf00",
    "name" : "20100101000000_20120601000000",
    "create_time_utc" : 1647781037766,
    "status" : "READY",
    "segRange" : {
      "@class" : "org.apache.kylin.metadata.model.SegmentRange$TimePartitionedSegmentRange",
      "date_range_start" : 1262275200000,
      "date_range_end" : 1338480000000
    },
    "timeRange" : null,
    "dimension_range_info_map" : {
      "22" : {
        "min" : "0",
        "max" : "4"
      },
      "23" : {
        "min" : "0",
        "max" : "4"
      },
      "24" : {
        "min" : "CN",
        "max" : "US"
      },
      "25" : {
        "min" : "China",
        "max" : "United States"
      },
      "26" : {
        "min" : "TEST0",
        "max" : "TEST999"
      },
      "48" : {
        "min" : "false",
        "max" : "true"
      },
      "27" : {
        "min" : "-93481.0800",
        "max" : "992393.1000"
      },
      "28" : {
        "min" : "2012",
        "max" : "2012"
      },
      "29" : {
        "min" : "10000500China",
        "max" : "10001499China"
      },
      "30" : {
        "min" : "10000001United States",
        "max" : "10000999Japan"
      },
      "31" : {
        "min" : "C",
        "max" : "U"
      },
      "32" : {
        "min" : "C",
        "max" : "U"
      },
      "11" : {
        "min" : "-99.6600",
        "max" : "999.8400"
      },
      "33" : {
        "min" : "-88.6600",
        "max" : "1010.8400"
      },
      "12" : {
        "min" : "0",
        "max" : "999"
      },
      "34" : {
        "min" : "-1063.9200",
        "max" : "12130.0800"
      },
      "13" : {
        "min" : "0",
        "max" : "4999"
      },
      "35" : {
        "min" : "-1064",
        "max" : "12130"
      },
      "14" : {
        "min" : "2009-12-22",
        "max" : "2014-12-20"
      },
      "36" : {
        "min" : "-998032",
        "max" : "12040495"
      },
      "15" : {
        "min" : "2009-12-23 17:43:41.0",
        "max" : "2014-12-20 10:56:28.0"
      },
      "16" : {
        "min" : "-99",
        "max" : "16"
      },
      "38" : {
        "min" : "-1104432",
        "max" : "13250595"
      },
      "17" : {
        "min" : "10000500",
        "max" : "10001499"
      },
      "18" : {
        "min" : "0",
        "max" : "4"
      },
      "19" : {
        "min" : "0",
        "max" : "4"
      },
      "0" : {
        "min" : "Australia",
        "max" : "英国"
      },
      "1" : {
        "min" : "0",
        "max" : "2053"
      },
      "2" : {
        "min" : "2012-01-01",
        "max" : "2012-05-31"
      },
      "3" : {
        "min" : "ABIN",
        "max" : "Others"
      },
      "4" : {
        "min" : "0",
        "max" : "211"
      },
      "5" : {
        "min" : "Abbigliamento e accessori",
        "max" : "eBay Premier"
      },
      "6" : {
        "min" : "Action Figures",
        "max" : "YarGarden & Outdoor Living"
      },
      "7" : {
        "min" : "1970-Now",
        "max" : "Wristwatches"
      },
      "8" : {
        "min" : "0",
        "max" : "175750"
      },
      "9" : {
        "min" : "10000001",
        "max" : "10000999"
      },
      "20" : {
        "min" : "CN",
        "max" : "US"
      },
      "21" : {
        "min" : "China",
        "max" : "United States"
      }
    },
    "parameters" : null,
    "dictionaries" : null,
    "snapshots" : null,
    "last_build_time" : 1647781064000,
    "source_count" : 2054,
    "source_bytes_size" : 1682470,
    "column_source_bytes" : {
      "DEFAULT.TEST_KYLIN_FACT.LEFTJOIN_BUYER_ID_AND_COUNTRY_NAME" : 32329,
      "DEFAULT.TEST_KYLIN_FACT.PRICE" : 16204,
      "DEFAULT.TEST_ACCOUNT.ACCOUNT_ID" : 32000,
      "DEFAULT.TEST_KYLIN_FACT.LEFTJOIN_SELLER_ID_AND_COUNTRY_NAME" : 32354,
      "DEFAULT.TEST_KYLIN_FACT.LEAF_CATEG_ID" : 10204,
      "DEFAULT.TEST_KYLIN_FACT.TEST_COUNT_DISTINCT_BITMAP" : 14166,
      "DEFAULT.TEST_KYLIN_FACT.DEAL_AMOUNT" : 21786,
      "EDW.TEST_CAL_DT.CAL_DT" : 7310,
      "DEFAULT.TEST_KYLIN_FACT.NEST4" : 13687,
      "DEFAULT.TEST_ACCOUNT.ACCOUNT_SELLER_LEVEL" : 4000,
      "DEFAULT.TEST_ACCOUNT.ACCOUNT_BUYER_LEVEL" : 4000,
      "DEFAULT.TEST_KYLIN_FACT.LSTG_SITE_ID" : 2592,
      "DEFAULT.TEST_KYLIN_FACT.LSTG_FORMAT_NAME" : 13455,
      "DEFAULT.TEST_KYLIN_FACT.TRANS_ID" : 5936,
      "DEFAULT.TEST_KYLIN_FACT.NEST1" : 16228,
      "DEFAULT.TEST_KYLIN_FACT.SELLER_ID" : 16432,
      "DEFAULT.TEST_CATEGORY_GROUPINGS.META_CATEG_NAME" : 2600,
      "DEFAULT.TEST_KYLIN_FACT.IS_EFFECTUAL" : 9257,
      "EDW.TEST_SITES.SITE_NAME" : 1430,
      "DEFAULT.TEST_KYLIN_FACT.NEST3" : 8370,
      "DEFAULT.TEST_CATEGORY_GROUPINGS.CATEG_LVL3_NAME" : 2086,
      "DEFAULT.TEST_KYLIN_FACT.LEFTJOIN_BUYER_COUNTRY_ABBR" : 2054,
      "DEFAULT.TEST_ORDER.TEST_TIME_ENC" : 43133,
      "DEFAULT.TEST_KYLIN_FACT.ORDER_ID" : 7762,
      "DEFAULT.TEST_ORDER.BUYER_ID" : 16432,
      "DEFAULT.TEST_KYLIN_FACT.DEAL_YEAR" : 8216,
      "DEFAULT.TEST_COUNTRY.NAME" : 3780,
      "DEFAULT.TEST_ACCOUNT.ACCOUNT_COUNTRY" : 8000,
      "DEFAULT.TEST_CATEGORY_GROUPINGS.CATEG_LVL2_NAME" : 2342,
      "DEFAULT.TEST_KYLIN_FACT.LEFTJOIN_SELLER_COUNTRY_ABBR" : 2054,
      "DEFAULT.TEST_KYLIN_FACT.ITEM_COUNT" : 5946,
      "DEFAULT.TEST_ORDER.TEST_DATE_ENC" : 20540,
      "DEFAULT.TEST_KYLIN_FACT.NEST2" : 18640,
      "DEFAULT.TEST_KYLIN_FACT.SLR_SEGMENT_CD" : 4101,
      "DEFAULT.TEST_KYLIN_FACT.NEST5" : 14002,
      "DEFAULT.TEST_KYLIN_FACT.CAL_DT" : 20540
    },
    "ori_snapshot_size" : { },
    "additionalInfo" : { },
    "is_realtime_segment" : false,
    "is_snapshot_ready" : false,
    "is_dict_ready" : false,
    "is_flat_table_ready" : true,
    "is_fact_view_ready" : false,
    "multi_partitions" : [ ],
    "max_bucket_id" : -1
  }, {
    "id" : "003882a1-3f87-7ee0-b85d-3e6668be2991",
    "name" : "20120601000000_20130101000000",
    "create_time_utc" : 1647781065593,
    "status" : "READY",
    "segRange" : {
      "@class" : "org.apache.kylin.metadata.model.SegmentRange$TimePartitionedSegmentRange",
      "date_range_start" : 1338480000000,
      "date_range_end" : 1356969600000
    },
    "timeRange" : null,
    "dimension_range_info_map" : {
      "22" : {
        "min" : "0",
        "max" : "4"
      },
      "23" : {
        "min" : "0",
        "max" : "4"
      },
      "24" : {
        "min" : "CN",
        "max" : "US"
      },
      "25" : {
        "min" : "China",
        "max" : "United States"
      },
      "26" : {
        "min" : "TEST0",
        "max" : "TEST999"
      },
      "48" : {
        "min" : "false",
        "max" : "true"
      },
      "27" : {
        "min" : "-92118.8800",
        "max" : "946092.8400"
      },
      "28" : {
        "min" : "2012",
        "max" : "2012"
      },
      "29" : {
        "min" : "10000500China",
        "max" : "10001499China"
      },
      "30" : {
        "min" : "10000000Russia",
        "max" : "10000999Japan"
      },
      "31" : {
        "min" : "C",
        "max" : "U"
      },
      "32" : {
        "min" : "C",
        "max" : "U"
      },
      "11" : {
        "min" : "-99.2200",
        "max" : "999.3800"
      },
      "33" : {
        "min" : "-88.2200",
        "max" : "1010.3800"
      },
      "12" : {
        "min" : "0",
        "max" : "999"
      },
      "34" : {
        "min" : "-1058.6400",
        "max" : "12124.5600"
      },
      "13" : {
        "min" : "0",
        "max" : "4999"
      },
      "35" : {
        "min" : "-1059",
        "max" : "12125"
      },
      "14" : {
        "min" : "2009-12-22",
        "max" : "2014-12-20"
      },
      "36" : {
        "min" : "-982328",
        "max" : "11480712"
      },
      "15" : {
        "min" : "2009-12-22 11:16:02.0",
        "max" : "2014-12-20 12:50:51.0"
      },
      "16" : {
        "min" : "-99",
        "max" : "16"
      },
      "38" : {
        "min" : "-1087728",
        "max" : "12665512"
      },
      "17" : {
        "min" : "10000500",
        "max" : "10001499"
      },
      "18" : {
        "min" : "0",
        "max" : "4"
      },
      "19" : {
        "min" : "0",
        "max" : "4"
      },
      "0" : {
        "min" : "Australia",
        "max" : "英国"
      },
      "1" : {
        "min" : "2054",
        "max" : "4902"
      },
      "2" : {
        "min" : "2012-06-01",
        "max" : "2012-12-31"
      },
      "3" : {
        "min" : "ABIN",
        "max" : "Others"
      },
      "4" : {
        "min" : "0",
        "max" : "211"
      },
      "5" : {
        "min" : "Abbigliamento e accessori",
        "max" : "eBay Premier"
      },
      "6" : {
        "min" : "Action Figures",
        "max" : "YarGarden & Outdoor Living"
      },
      "7" : {
        "min" : "1970-Now",
        "max" : "Wristwatches"
      },
      "8" : {
        "min" : "0",
        "max" : "175750"
      },
      "9" : {
        "min" : "10000000",
        "max" : "10000999"
      },
      "20" : {
        "min" : "CN",
        "max" : "US"
      },
      "21" : {
        "min" : "China",
        "max" : "United States"
      }
    },
    "parameters" : null,
    "dictionaries" : null,
    "snapshots" : null,
    "last_build_time" : 1647781089000,
    "source_count" : 2849,
    "source_bytes_size" : 1682470,
    "column_source_bytes" : {
      "DEFAULT.TEST_KYLIN_FACT.LEFTJOIN_BUYER_ID_AND_COUNTRY_NAME" : 44655,
      "DEFAULT.TEST_KYLIN_FACT.PRICE" : 22430,
      "DEFAULT.TEST_ACCOUNT.ACCOUNT_ID" : 32000,
      "DEFAULT.TEST_KYLIN_FACT.LEFTJOIN_SELLER_ID_AND_COUNTRY_NAME" : 45139,
      "DEFAULT.TEST_KYLIN_FACT.LEAF_CATEG_ID" : 14222,
      "DEFAULT.TEST_KYLIN_FACT.TEST_COUNT_DISTINCT_BITMAP" : 19618,
      "DEFAULT.TEST_KYLIN_FACT.DEAL_AMOUNT" : 30159,
      "EDW.TEST_CAL_DT.CAL_DT" : 7310,
      "DEFAULT.TEST_KYLIN_FACT.NEST4" : 18951,
      "DEFAULT.TEST_ACCOUNT.ACCOUNT_SELLER_LEVEL" : 4000,
      "DEFAULT.TEST_ACCOUNT.ACCOUNT_BUYER_LEVEL" : 4000,
      "DEFAULT.TEST_KYLIN_FACT.LSTG_SITE_ID" : 3518,
      "DEFAULT.TEST_KYLIN_FACT.LSTG_FORMAT_NAME" : 18888,
      "DEFAULT.TEST_KYLIN_FACT.TRANS_ID" : 11396,
      "DEFAULT.TEST_KYLIN_FACT.NEST1" : 22467,
      "DEFAULT.TEST_KYLIN_FACT.SELLER_ID" : 22792,
      "DEFAULT.TEST_CATEGORY_GROUPINGS.META_CATEG_NAME" : 2496,
      "DEFAULT.TEST_KYLIN_FACT.IS_EFFECTUAL" : 12720,
      "EDW.TEST_SITES.SITE_NAME" : 1396,
      "DEFAULT.TEST_KYLIN_FACT.NEST3" : 11584,
      "DEFAULT.TEST_CATEGORY_GROUPINGS.CATEG_LVL3_NAME" : 2027,
      "DEFAULT.TEST_KYLIN_FACT.LEFTJOIN_BUYER_COUNTRY_ABBR" : 2849,
      "DEFAULT.TEST_ORDER.TEST_TIME_ENC" : 59829,
      "DEFAULT.TEST_KYLIN_FACT.ORDER_ID" : 10706,
      "DEFAULT.TEST_ORDER.BUYER_ID" : 22792,
      "DEFAULT.TEST_KYLIN_FACT.DEAL_YEAR" : 11396,
      "DEFAULT.TEST_COUNTRY.NAME" : 3786,
      "DEFAULT.TEST_ACCOUNT.ACCOUNT_COUNTRY" : 8000,
      "DEFAULT.TEST_CATEGORY_GROUPINGS.CATEG_LVL2_NAME" : 2236,
      "DEFAULT.TEST_KYLIN_FACT.LEFTJOIN_SELLER_COUNTRY_ABBR" : 2849,
      "DEFAULT.TEST_KYLIN_FACT.ITEM_COUNT" : 8262,
      "DEFAULT.TEST_ORDER.TEST_DATE_ENC" : 28490,
      "DEFAULT.TEST_KYLIN_FACT.NEST2" : 25829,
      "DEFAULT.TEST_KYLIN_FACT.SLR_SEGMENT_CD" : 5686,
      "DEFAULT.TEST_KYLIN_FACT.NEST5" : 19353,
      "DEFAULT.TEST_KYLIN_FACT.CAL_DT" : 28490
    },
    "ori_snapshot_size" : { },
    "additionalInfo" : { },
    "is_realtime_segment" : false,
    "is_snapshot_ready" : false,
    "is_dict_ready" : false,
    "is_flat_table_ready" : true,
    "is_fact_view_ready" : false,
    "multi_partitions" : [ ],
    "max_bucket_id" : -1
  }, {
    "id" : "83440abd-9c3d-20a5-2de3-aeec55fa16c3",
    "name" : "20130101000000_20130601000000",
    "create_time_utc" : 1647781090723,
    "status" : "NEW",
    "segRange" : {
      "@class" : "org.apache.kylin.metadata.model.SegmentRange$TimePartitionedSegmentRange",
      "date_range_start" : 1356969600000,
      "date_range_end" : 1370016000000
    },
    "timeRange" : null,
    "dimension_range_info_map" : { },
    "parameters" : null,
    "dictionaries" : null,
    "snapshots" : null,
    "last_build_time" : 0,
    "source_count" : 0,
    "source_bytes_size" : 0,
    "column_source_bytes" : { },
    "ori_snapshot_size" : { },
    "additionalInfo" : { },
    "is_realtime_segment" : false,
    "is_snapshot_ready" : false,
    "is_dict_ready" : true,
    "is_flat_table_ready" : true,
    "is_fact_view_ready" : false,
    "multi_partitions" : [ ],
    "max_bucket_id" : -1
  } ]
}