{"distMetaUrl":"../examples/test_data/65832/metadata@hdfs,path=file:///Users/enwei.jiao/workspace/kap4/src/spark-project/examples/test_data/65832/working-dir/..-examples-test_data-65832-metadata/default/job_tmp/8fc6c9bc-2347-6059-97e3-37dd2ef46cc2/01/meta","submitter":"ADMIN","dataflowId":"741ca86a-1f13-46da-a59f-95fb68615e3a","dataRangeEnd":"1356969600000","indexCount":"19","targetModel":"741ca86a-1f13-46da-a59f-95fb68615e3a","excludedTables":"","dataRangeStart":"1338480000000","project":"default","className":"io.kyligence.kap.engine.spark.job.SegmentBuildJob","parentId":"8fc6c9bc-2347-6059-97e3-37dd2ef46cc2","jobId":"8fc6c9bc-2347-6059-97e3-37dd2ef46cc2","outputMetaUrl":"../examples/test_data/65832/metadata@hdfs,path=file:///Users/enwei.jiao/workspace/kap4/src/spark-project/examples/test_data/65832/working-dir/..-examples-test_data-65832-metadata/default/job_tmp/8fc6c9bc-2347-6059-97e3-37dd2ef46cc2/01/meta_output","layoutIds":"1000001,1,10001,10002,20001,30001,20000000001,20000010001,20000020001,1070001,1010001,1060001,1030001,1090001,1100001,1020001,1040001,1080001,1050001","segmentIds":"075e3800-3708-db58-d418-2234d27a1178"}