{
  "uuid" : "89af4ee2-2cdb-4b07-b39e-4c29856309aa",
  "last_modified" : 1647781156240,
  "create_time" : 1647781037742,
  "version" : "2.3.0.20500",
  "status" : "ONLINE",
  "cost" : 50,
  "query_hit_count" : 3,
  "last_query_time" : 0,
  "layout_query_hit_count" : { },
  "segments" : [ {
    "id" : "4dd640be-197d-f557-2a74-c617eb19e54e",
    "name" : "20100101000000_20130101000000",
    "create_time_utc" : 1647781138175,
    "status" : "READY",
    "segRange" : {
      "@class" : "org.apache.kylin.metadata.model.SegmentRange$TimePartitionedSegmentRange",
      "date_range_start" : 1262275200000,
      "date_range_end" : 1356969600000
    },
    "timeRange" : {
      "start" : 1262275200000,
      "end" : 1356969600000
    },
    "dimension_range_info_map" : {
      "22" : {
        "min" : "0",
        "max" : "4"
      },
      "23" : {
        "min" : "0",
        "max" : "4"
      },
      "24" : {
        "min" : "CN",
        "max" : "US"
      },
      "25" : {
        "min" : "China",
        "max" : "United States"
      },
      "48" : {
        "min" : "false",
        "max" : "true"
      },
      "26" : {
        "min" : "TEST0",
        "max" : "TEST999"
      },
      "27" : {
        "min" : "-93481.0800",
        "max" : "992393.1000"
      },
      "28" : {
        "min" : "2012",
        "max" : "2012"
      },
      "29" : {
        "min" : "10000500China",
        "max" : "10001499China"
      },
      "30" : {
        "min" : "10000000Russia",
        "max" : "10000999Japan"
      },
      "31" : {
        "min" : "C",
        "max" : "U"
      },
      "32" : {
        "min" : "C",
        "max" : "U"
      },
      "33" : {
        "min" : "-88.6600",
        "max" : "1010.8400"
      },
      "11" : {
        "min" : "-99.6600",
        "max" : "999.8400"
      },
      "34" : {
        "min" : "-1063.9200",
        "max" : "12130.0800"
      },
      "12" : {
        "min" : "0",
        "max" : "999"
      },
      "13" : {
        "min" : "0",
        "max" : "4999"
      },
      "35" : {
        "min" : "-1064",
        "max" : "12130"
      },
      "14" : {
        "min" : "2009-12-22",
        "max" : "2014-12-20"
      },
      "36" : {
        "min" : "-998032",
        "max" : "12040495"
      },
      "15" : {
        "min" : "2009-12-22 11:16:02.0",
        "max" : "2014-12-20 12:50:51.0"
      },
      "38" : {
        "min" : "-1104432",
        "max" : "13250595"
      },
      "16" : {
        "min" : "-99",
        "max" : "16"
      },
      "17" : {
        "min" : "10000500",
        "max" : "10001499"
      },
      "18" : {
        "min" : "0",
        "max" : "4"
      },
      "19" : {
        "min" : "0",
        "max" : "4"
      },
      "0" : {
        "min" : "Australia",
        "max" : "英国"
      },
      "1" : {
        "min" : "0",
        "max" : "4902"
      },
      "2" : {
        "min" : "2012-01-01",
        "max" : "2012-12-31"
      },
      "3" : {
        "min" : "ABIN",
        "max" : "Others"
      },
      "4" : {
        "min" : "0",
        "max" : "211"
      },
      "5" : {
        "min" : "Abbigliamento e accessori",
        "max" : "eBay Premier"
      },
      "6" : {
        "min" : "Action Figures",
        "max" : "YarGarden & Outdoor Living"
      },
      "7" : {
        "min" : "1970-Now",
        "max" : "Wristwatches"
      },
      "8" : {
        "min" : "0",
        "max" : "175750"
      },
      "9" : {
        "min" : "10000000",
        "max" : "10000999"
      },
      "20" : {
        "min" : "CN",
        "max" : "US"
      },
      "21" : {
        "min" : "China",
        "max" : "United States"
      }
    },
    "parameters" : null,
    "dictionaries" : null,
    "snapshots" : null,
    "last_build_time" : 1647781156237,
    "source_count" : 4903,
    "source_bytes_size" : 3364940,
    "column_source_bytes" : {
      "DEFAULT.TEST_KYLIN_FACT.LEFTJOIN_BUYER_ID_AND_COUNTRY_NAME" : 76984,
      "DEFAULT.TEST_KYLIN_FACT.PRICE" : 38634,
      "DEFAULT.TEST_ACCOUNT.ACCOUNT_ID" : 64000,
      "DEFAULT.TEST_KYLIN_FACT.LEFTJOIN_SELLER_ID_AND_COUNTRY_NAME" : 77493,
      "DEFAULT.TEST_KYLIN_FACT.LEAF_CATEG_ID" : 24426,
      "DEFAULT.TEST_KYLIN_FACT.TEST_COUNT_DISTINCT_BITMAP" : 33784,
      "DEFAULT.TEST_KYLIN_FACT.DEAL_AMOUNT" : 51945,
      "EDW.TEST_CAL_DT.CAL_DT" : 14620,
      "DEFAULT.TEST_KYLIN_FACT.NEST4" : 32638,
      "DEFAULT.TEST_ACCOUNT.ACCOUNT_SELLER_LEVEL" : 8000,
      "DEFAULT.TEST_ACCOUNT.ACCOUNT_BUYER_LEVEL" : 8000,
      "DEFAULT.TEST_KYLIN_FACT.LSTG_SITE_ID" : 6110,
      "DEFAULT.TEST_KYLIN_FACT.LSTG_FORMAT_NAME" : 32343,
      "DEFAULT.TEST_KYLIN_FACT.TRANS_ID" : 17332,
      "DEFAULT.TEST_KYLIN_FACT.NEST1" : 38695,
      "DEFAULT.TEST_KYLIN_FACT.SELLER_ID" : 39224,
      "DEFAULT.TEST_CATEGORY_GROUPINGS.META_CATEG_NAME" : 5096,
      "DEFAULT.TEST_KYLIN_FACT.IS_EFFECTUAL" : 21977,
      "EDW.TEST_SITES.SITE_NAME" : 2826,
      "DEFAULT.TEST_KYLIN_FACT.NEST3" : 19954,
      "DEFAULT.TEST_CATEGORY_GROUPINGS.CATEG_LVL3_NAME" : 4113,
      "DEFAULT.TEST_KYLIN_FACT.LEFTJOIN_BUYER_COUNTRY_ABBR" : 4903,
      "DEFAULT.TEST_ORDER.TEST_TIME_ENC" : 102962,
      "DEFAULT.TEST_KYLIN_FACT.ORDER_ID" : 18468,
      "DEFAULT.TEST_ORDER.BUYER_ID" : 39224,
      "DEFAULT.TEST_KYLIN_FACT.DEAL_YEAR" : 19612,
      "DEFAULT.TEST_COUNTRY.NAME" : 7566,
      "DEFAULT.TEST_ACCOUNT.ACCOUNT_COUNTRY" : 16000,
      "DEFAULT.TEST_CATEGORY_GROUPINGS.CATEG_LVL2_NAME" : 4578,
      "DEFAULT.TEST_KYLIN_FACT.LEFTJOIN_SELLER_COUNTRY_ABBR" : 4903,
      "DEFAULT.TEST_KYLIN_FACT.ITEM_COUNT" : 14208,
      "DEFAULT.TEST_ORDER.TEST_DATE_ENC" : 49030,
      "DEFAULT.TEST_KYLIN_FACT.NEST2" : 44469,
      "DEFAULT.TEST_KYLIN_FACT.SLR_SEGMENT_CD" : 9787,
      "DEFAULT.TEST_KYLIN_FACT.NEST5" : 33355,
      "DEFAULT.TEST_KYLIN_FACT.CAL_DT" : 49030
    },
    "ori_snapshot_size" : { },
    "additionalInfo" : { },
    "is_realtime_segment" : false,
    "is_snapshot_ready" : false,
    "is_dict_ready" : false,
    "is_flat_table_ready" : true,
    "is_fact_view_ready" : false,
    "multi_partitions" : [ ],
    "max_bucket_id" : -1
  }, {
    "id" : "83440abd-9c3d-20a5-2de3-aeec55fa16c3",
    "name" : "20130101000000_20130601000000",
    "create_time_utc" : 1647781090723,
    "status" : "READY",
    "segRange" : {
      "@class" : "org.apache.kylin.metadata.model.SegmentRange$TimePartitionedSegmentRange",
      "date_range_start" : 1356969600000,
      "date_range_end" : 1370016000000
    },
    "timeRange" : null,
    "dimension_range_info_map" : {
      "22" : {
        "min" : "0",
        "max" : "4"
      },
      "23" : {
        "min" : "0",
        "max" : "4"
      },
      "24" : {
        "min" : "CN",
        "max" : "US"
      },
      "25" : {
        "min" : "China",
        "max" : "United States"
      },
      "26" : {
        "min" : "TEST0",
        "max" : "TEST998"
      },
      "48" : {
        "min" : "false",
        "max" : "true"
      },
      "27" : {
        "min" : "-82989.2000",
        "max" : "977648.9800"
      },
      "28" : {
        "min" : "2013",
        "max" : "2013"
      },
      "29" : {
        "min" : "10000500China",
        "max" : "10001497Japan"
      },
      "30" : {
        "min" : "10000000Russia",
        "max" : "10000999Japan"
      },
      "31" : {
        "min" : "C",
        "max" : "U"
      },
      "32" : {
        "min" : "C",
        "max" : "U"
      },
      "11" : {
        "min" : "-99.6500",
        "max" : "998.6500"
      },
      "33" : {
        "min" : "-88.6500",
        "max" : "1009.6500"
      },
      "12" : {
        "min" : "0",
        "max" : "999"
      },
      "34" : {
        "min" : "-1063.8000",
        "max" : "12115.8000"
      },
      "13" : {
        "min" : "6",
        "max" : "4999"
      },
      "35" : {
        "min" : "-1064",
        "max" : "12116"
      },
      "14" : {
        "min" : "2009-12-22",
        "max" : "2014-12-20"
      },
      "36" : {
        "min" : "-882536",
        "max" : "11860585"
      },
      "15" : {
        "min" : "2009-12-22 11:16:02.0",
        "max" : "2014-12-20 12:50:51.0"
      },
      "16" : {
        "min" : "-99",
        "max" : "16"
      },
      "38" : {
        "min" : "-985636",
        "max" : "13072085"
      },
      "17" : {
        "min" : "10000500",
        "max" : "10001497"
      },
      "18" : {
        "min" : "0",
        "max" : "4"
      },
      "19" : {
        "min" : "0",
        "max" : "4"
      },
      "0" : {
        "min" : "Australia",
        "max" : "英国"
      },
      "1" : {
        "min" : "4903",
        "max" : "7074"
      },
      "2" : {
        "min" : "2013-01-01",
        "max" : "2013-05-31"
      },
      "3" : {
        "min" : "ABIN",
        "max" : "Others"
      },
      "4" : {
        "min" : "0",
        "max" : "211"
      },
      "5" : {
        "min" : "Abbigliamento e accessori",
        "max" : "eBay Premier"
      },
      "6" : {
        "min" : "Action Figures",
        "max" : "YarGarden & Outdoor Living"
      },
      "7" : {
        "min" : "1970-Now",
        "max" : "Wristwatches"
      },
      "8" : {
        "min" : "0",
        "max" : "175750"
      },
      "9" : {
        "min" : "10000000",
        "max" : "10000999"
      },
      "20" : {
        "min" : "CN",
        "max" : "US"
      },
      "21" : {
        "min" : "China",
        "max" : "United States"
      }
    },
    "parameters" : null,
    "dictionaries" : null,
    "snapshots" : null,
    "last_build_time" : 1647781113000,
    "source_count" : 2172,
    "source_bytes_size" : 1682470,
    "column_source_bytes" : {
      "DEFAULT.TEST_KYLIN_FACT.LEFTJOIN_BUYER_ID_AND_COUNTRY_NAME" : 33833,
      "DEFAULT.TEST_KYLIN_FACT.PRICE" : 17137,
      "DEFAULT.TEST_ACCOUNT.ACCOUNT_ID" : 32000,
      "DEFAULT.TEST_KYLIN_FACT.LEFTJOIN_SELLER_ID_AND_COUNTRY_NAME" : 34191,
      "DEFAULT.TEST_KYLIN_FACT.LEAF_CATEG_ID" : 10890,
      "DEFAULT.TEST_KYLIN_FACT.TEST_COUNT_DISTINCT_BITMAP" : 14965,
      "DEFAULT.TEST_KYLIN_FACT.DEAL_AMOUNT" : 23001,
      "EDW.TEST_CAL_DT.CAL_DT" : 7310,
      "DEFAULT.TEST_KYLIN_FACT.NEST4" : 14448,
      "DEFAULT.TEST_ACCOUNT.ACCOUNT_SELLER_LEVEL" : 4000,
      "DEFAULT.TEST_ACCOUNT.ACCOUNT_BUYER_LEVEL" : 4000,
      "DEFAULT.TEST_KYLIN_FACT.LSTG_SITE_ID" : 2754,
      "DEFAULT.TEST_KYLIN_FACT.LSTG_FORMAT_NAME" : 14437,
      "DEFAULT.TEST_KYLIN_FACT.TRANS_ID" : 8688,
      "DEFAULT.TEST_KYLIN_FACT.NEST1" : 17143,
      "DEFAULT.TEST_KYLIN_FACT.SELLER_ID" : 17376,
      "DEFAULT.TEST_CATEGORY_GROUPINGS.META_CATEG_NAME" : 2614,
      "DEFAULT.TEST_KYLIN_FACT.IS_EFFECTUAL" : 9765,
      "EDW.TEST_SITES.SITE_NAME" : 1415,
      "DEFAULT.TEST_KYLIN_FACT.NEST3" : 8822,
      "DEFAULT.TEST_CATEGORY_GROUPINGS.CATEG_LVL3_NAME" : 2041,
      "DEFAULT.TEST_KYLIN_FACT.LEFTJOIN_BUYER_COUNTRY_ABBR" : 2172,
      "DEFAULT.TEST_ORDER.TEST_TIME_ENC" : 45612,
      "DEFAULT.TEST_KYLIN_FACT.ORDER_ID" : 8179,
      "DEFAULT.TEST_ORDER.BUYER_ID" : 17376,
      "DEFAULT.TEST_KYLIN_FACT.DEAL_YEAR" : 8688,
      "DEFAULT.TEST_COUNTRY.NAME" : 3737,
      "DEFAULT.TEST_ACCOUNT.ACCOUNT_COUNTRY" : 8000,
      "DEFAULT.TEST_CATEGORY_GROUPINGS.CATEG_LVL2_NAME" : 2286,
      "DEFAULT.TEST_KYLIN_FACT.LEFTJOIN_SELLER_COUNTRY_ABBR" : 2172,
      "DEFAULT.TEST_KYLIN_FACT.ITEM_COUNT" : 6266,
      "DEFAULT.TEST_ORDER.TEST_DATE_ENC" : 21720,
      "DEFAULT.TEST_KYLIN_FACT.NEST2" : 19680,
      "DEFAULT.TEST_KYLIN_FACT.SLR_SEGMENT_CD" : 4328,
      "DEFAULT.TEST_KYLIN_FACT.NEST5" : 14782,
      "DEFAULT.TEST_KYLIN_FACT.CAL_DT" : 21720
    },
    "ori_snapshot_size" : { },
    "additionalInfo" : { },
    "is_realtime_segment" : false,
    "is_snapshot_ready" : false,
    "is_dict_ready" : false,
    "is_flat_table_ready" : true,
    "is_fact_view_ready" : false,
    "multi_partitions" : [ ],
    "max_bucket_id" : -1
  }, {
    "id" : "242f4867-fe9c-9a9e-623c-8b04999b5bff",
    "name" : "20130101000000_20150101000000",
    "create_time_utc" : 1647781156250,
    "status" : "NEW",
    "segRange" : {
      "@class" : "org.apache.kylin.metadata.model.SegmentRange$TimePartitionedSegmentRange",
      "date_range_start" : 1356969600000,
      "date_range_end" : 1420041600000
    },
    "timeRange" : {
      "start" : 1356969600000,
      "end" : 1420041600000
    },
    "dimension_range_info_map" : { },
    "parameters" : null,
    "dictionaries" : null,
    "snapshots" : null,
    "last_build_time" : 0,
    "source_count" : 0,
    "source_bytes_size" : 0,
    "column_source_bytes" : { },
    "ori_snapshot_size" : { },
    "additionalInfo" : { },
    "is_realtime_segment" : false,
    "is_snapshot_ready" : false,
    "is_dict_ready" : false,
    "is_flat_table_ready" : false,
    "is_fact_view_ready" : false,
    "multi_partitions" : [ ],
    "max_bucket_id" : -1
  }, {
    "id" : "7ec698a4-610e-f1cb-cce7-9053725fe647",
    "name" : "20130601000000_20150101000000",
    "create_time_utc" : 1647781114519,
    "status" : "READY",
    "segRange" : {
      "@class" : "org.apache.kylin.metadata.model.SegmentRange$TimePartitionedSegmentRange",
      "date_range_start" : 1370016000000,
      "date_range_end" : 1420041600000
    },
    "timeRange" : null,
    "dimension_range_info_map" : {
      "22" : {
        "min" : "0",
        "max" : "4"
      },
      "23" : {
        "min" : "0",
        "max" : "4"
      },
      "24" : {
        "min" : "CN",
        "max" : "US"
      },
      "25" : {
        "min" : "China",
        "max" : "United States"
      },
      "26" : {
        "min" : "TEST0",
        "max" : "TEST999"
      },
      "48" : {
        "min" : "false",
        "max" : "true"
      },
      "27" : {
        "min" : "-92830.2000",
        "max" : "982463.0000"
      },
      "28" : {
        "min" : "2013",
        "max" : "2014"
      },
      "29" : {
        "min" : "10000500China",
        "max" : "10001499China"
      },
      "30" : {
        "min" : "10000000Russia",
        "max" : "10000999Japan"
      },
      "31" : {
        "min" : "C",
        "max" : "U"
      },
      "32" : {
        "min" : "C",
        "max" : "U"
      },
      "11" : {
        "min" : "-99.7900",
        "max" : "999.5700"
      },
      "33" : {
        "min" : "-88.7900",
        "max" : "1010.5700"
      },
      "12" : {
        "min" : "0",
        "max" : "999"
      },
      "34" : {
        "min" : "-1065.4800",
        "max" : "12126.8400"
      },
      "13" : {
        "min" : "6",
        "max" : "4999"
      },
      "35" : {
        "min" : "-1065",
        "max" : "12127"
      },
      "14" : {
        "min" : "2009-12-22",
        "max" : "2014-12-20"
      },
      "36" : {
        "min" : "-986442",
        "max" : "11921095"
      },
      "15" : {
        "min" : "2009-12-22 20:41:40.0",
        "max" : "2014-12-20 20:34:20.0"
      },
      "16" : {
        "min" : "-99",
        "max" : "16"
      },
      "38" : {
        "min" : "-1088242",
        "max" : "13119195"
      },
      "17" : {
        "min" : "10000500",
        "max" : "10001499"
      },
      "18" : {
        "min" : "0",
        "max" : "4"
      },
      "19" : {
        "min" : "0",
        "max" : "4"
      },
      "0" : {
        "min" : "Australia",
        "max" : "英国"
      },
      "1" : {
        "min" : "7075",
        "max" : "9999"
      },
      "2" : {
        "min" : "2013-06-01",
        "max" : "2014-01-01"
      },
      "3" : {
        "min" : "ABIN",
        "max" : "Others"
      },
      "4" : {
        "min" : "0",
        "max" : "211"
      },
      "5" : {
        "min" : "Abbigliamento e accessori",
        "max" : "eBay Premier"
      },
      "6" : {
        "min" : "Action Figures",
        "max" : "YarGarden & Outdoor Living"
      },
      "7" : {
        "min" : "1970-Now",
        "max" : "Wristwatches"
      },
      "8" : {
        "min" : "0",
        "max" : "175750"
      },
      "9" : {
        "min" : "10000000",
        "max" : "10000999"
      },
      "20" : {
        "min" : "CN",
        "max" : "US"
      },
      "21" : {
        "min" : "China",
        "max" : "United States"
      }
    },
    "parameters" : null,
    "dictionaries" : null,
    "snapshots" : null,
    "last_build_time" : 1647781137000,
    "source_count" : 2925,
    "source_bytes_size" : 1682470,
    "column_source_bytes" : {
      "DEFAULT.TEST_KYLIN_FACT.LEFTJOIN_BUYER_ID_AND_COUNTRY_NAME" : 45887,
      "DEFAULT.TEST_KYLIN_FACT.PRICE" : 23075,
      "DEFAULT.TEST_ACCOUNT.ACCOUNT_ID" : 32000,
      "DEFAULT.TEST_KYLIN_FACT.LEFTJOIN_SELLER_ID_AND_COUNTRY_NAME" : 45630,
      "DEFAULT.TEST_KYLIN_FACT.LEAF_CATEG_ID" : 14589,
      "DEFAULT.TEST_KYLIN_FACT.TEST_COUNT_DISTINCT_BITMAP" : 20170,
      "DEFAULT.TEST_KYLIN_FACT.DEAL_AMOUNT" : 30984,
      "EDW.TEST_CAL_DT.CAL_DT" : 7310,
      "DEFAULT.TEST_KYLIN_FACT.NEST4" : 19462,
      "DEFAULT.TEST_ACCOUNT.ACCOUNT_SELLER_LEVEL" : 4000,
      "DEFAULT.TEST_ACCOUNT.ACCOUNT_BUYER_LEVEL" : 4000,
      "DEFAULT.TEST_KYLIN_FACT.LSTG_SITE_ID" : 3697,
      "DEFAULT.TEST_KYLIN_FACT.LSTG_FORMAT_NAME" : 19574,
      "DEFAULT.TEST_KYLIN_FACT.TRANS_ID" : 11700,
      "DEFAULT.TEST_KYLIN_FACT.NEST1" : 23107,
      "DEFAULT.TEST_KYLIN_FACT.SELLER_ID" : 23400,
      "DEFAULT.TEST_CATEGORY_GROUPINGS.META_CATEG_NAME" : 2540,
      "DEFAULT.TEST_KYLIN_FACT.IS_EFFECTUAL" : 13115,
      "EDW.TEST_SITES.SITE_NAME" : 1404,
      "DEFAULT.TEST_KYLIN_FACT.NEST3" : 11963,
      "DEFAULT.TEST_CATEGORY_GROUPINGS.CATEG_LVL3_NAME" : 1969,
      "DEFAULT.TEST_KYLIN_FACT.LEFTJOIN_BUYER_COUNTRY_ABBR" : 2925,
      "DEFAULT.TEST_ORDER.TEST_TIME_ENC" : 61424,
      "DEFAULT.TEST_KYLIN_FACT.ORDER_ID" : 11050,
      "DEFAULT.TEST_ORDER.BUYER_ID" : 23400,
      "DEFAULT.TEST_KYLIN_FACT.DEAL_YEAR" : 11700,
      "DEFAULT.TEST_COUNTRY.NAME" : 3730,
      "DEFAULT.TEST_ACCOUNT.ACCOUNT_COUNTRY" : 8000,
      "DEFAULT.TEST_CATEGORY_GROUPINGS.CATEG_LVL2_NAME" : 2270,
      "DEFAULT.TEST_KYLIN_FACT.LEFTJOIN_SELLER_COUNTRY_ABBR" : 2925,
      "DEFAULT.TEST_KYLIN_FACT.ITEM_COUNT" : 8438,
      "DEFAULT.TEST_ORDER.TEST_DATE_ENC" : 29250,
      "DEFAULT.TEST_KYLIN_FACT.NEST2" : 26588,
      "DEFAULT.TEST_KYLIN_FACT.SLR_SEGMENT_CD" : 5806,
      "DEFAULT.TEST_KYLIN_FACT.NEST5" : 19963,
      "DEFAULT.TEST_KYLIN_FACT.CAL_DT" : 29250
    },
    "ori_snapshot_size" : { },
    "additionalInfo" : { },
    "is_realtime_segment" : false,
    "is_snapshot_ready" : false,
    "is_dict_ready" : false,
    "is_flat_table_ready" : true,
    "is_fact_view_ready" : false,
    "multi_partitions" : [ ],
    "max_bucket_id" : -1
  } ]
}