{
  "uuid" : "075e3800-3708-db58-d418-2234d27a1178",
  "last_modified" : 1647781218144,
  "create_time" : 1647781193604,
  "version" : "4.0.0.0",
  "dataflow" : "741ca86a-1f13-46da-a59f-95fb68615e3a",
  "layout_instances" : [ {
    "layout_id" : 20000020001,
    "build_job_id" : "8fc6c9bc-2347-6059-97e3-37dd2ef46cc2",
    "rows" : 2815,
    "byte_size" : 218652,
    "file_count" : 1,
    "source_rows" : 2815,
    "source_byte_size" : 0,
    "partition_num" : 1,
    "partition_values" : [ ],
    "is_ready" : false,
    "create_time" : 1647781205737,
    "multi_partition" : [ ]
  }, {
    "layout_id" : 20000000001,
    "build_job_id" : "8fc6c9bc-2347-6059-97e3-37dd2ef46cc2",
    "rows" : 2815,
    "byte_size" : 30821,
    "file_count" : 1,
    "source_rows" : 2815,
    "source_byte_size" : 0,
    "partition_num" : 1,
    "partition_values" : [ ],
    "is_ready" : false,
    "create_time" : 1647781206914,
    "multi_partition" : [ ]
  }, {
    "layout_id" : 20000010001,
    "build_job_id" : "8fc6c9bc-2347-6059-97e3-37dd2ef46cc2",
    "rows" : 2815,
    "byte_size" : 14856,
    "file_count" : 1,
    "source_rows" : 2815,
    "source_byte_size" : 0,
    "partition_num" : 1,
    "partition_values" : [ ],
    "is_ready" : false,
    "create_time" : 1647781208371,
    "multi_partition" : [ ]
  }, {
    "layout_id" : 1000001,
    "build_job_id" : "8fc6c9bc-2347-6059-97e3-37dd2ef46cc2",
    "rows" : 2815,
    "byte_size" : 343603,
    "file_count" : 1,
    "source_rows" : 2815,
    "source_byte_size" : 0,
    "partition_num" : 1,
    "partition_values" : [ ],
    "is_ready" : false,
    "create_time" : 1647781208459,
    "multi_partition" : [ ]
  }, {
    "layout_id" : 20001,
    "build_job_id" : "8fc6c9bc-2347-6059-97e3-37dd2ef46cc2",
    "rows" : 2815,
    "byte_size" : 32054,
    "file_count" : 1,
    "source_rows" : 2815,
    "source_byte_size" : 0,
    "partition_num" : 1,
    "partition_values" : [ ],
    "is_ready" : false,
    "create_time" : 1647781213197,
    "multi_partition" : [ ]
  }, {
    "layout_id" : 30001,
    "build_job_id" : "8fc6c9bc-2347-6059-97e3-37dd2ef46cc2",
    "rows" : 2815,
    "byte_size" : 39520,
    "file_count" : 1,
    "source_rows" : 2815,
    "source_byte_size" : 0,
    "partition_num" : 1,
    "partition_values" : [ ],
    "is_ready" : false,
    "create_time" : 1647781213254,
    "multi_partition" : [ ]
  }, {
    "layout_id" : 1100001,
    "build_job_id" : "8fc6c9bc-2347-6059-97e3-37dd2ef46cc2",
    "rows" : 2794,
    "byte_size" : 169835,
    "file_count" : 1,
    "source_rows" : 2815,
    "source_byte_size" : 0,
    "partition_num" : 1,
    "partition_values" : [ ],
    "is_ready" : false,
    "create_time" : 1647781213654,
    "multi_partition" : [ ]
  }, {
    "layout_id" : 1050001,
    "build_job_id" : "8fc6c9bc-2347-6059-97e3-37dd2ef46cc2",
    "rows" : 2683,
    "byte_size" : 172043,
    "file_count" : 1,
    "source_rows" : 2815,
    "source_byte_size" : 0,
    "partition_num" : 1,
    "partition_values" : [ ],
    "is_ready" : false,
    "create_time" : 1647781213654,
    "multi_partition" : [ ]
  }, {
    "layout_id" : 1040001,
    "build_job_id" : "8fc6c9bc-2347-6059-97e3-37dd2ef46cc2",
    "rows" : 2611,
    "byte_size" : 159358,
    "file_count" : 1,
    "source_rows" : 2815,
    "source_byte_size" : 0,
    "partition_num" : 1,
    "partition_values" : [ ],
    "is_ready" : false,
    "create_time" : 1647781214275,
    "multi_partition" : [ ]
  }, {
    "layout_id" : 1090001,
    "build_job_id" : "8fc6c9bc-2347-6059-97e3-37dd2ef46cc2",
    "rows" : 2813,
    "byte_size" : 218491,
    "file_count" : 1,
    "source_rows" : 2815,
    "source_byte_size" : 0,
    "partition_num" : 1,
    "partition_values" : [ ],
    "is_ready" : false,
    "create_time" : 1647781214275,
    "multi_partition" : [ ]
  }, {
    "layout_id" : 10002,
    "build_job_id" : "8fc6c9bc-2347-6059-97e3-37dd2ef46cc2",
    "rows" : 2815,
    "byte_size" : 16052,
    "file_count" : 1,
    "source_rows" : 2815,
    "source_byte_size" : 0,
    "partition_num" : 1,
    "partition_values" : [ ],
    "is_ready" : false,
    "create_time" : 1647781214890,
    "multi_partition" : [ ]
  }, {
    "layout_id" : 1,
    "build_job_id" : "8fc6c9bc-2347-6059-97e3-37dd2ef46cc2",
    "rows" : 2815,
    "byte_size" : 29079,
    "file_count" : 1,
    "source_rows" : 2815,
    "source_byte_size" : 0,
    "partition_num" : 1,
    "partition_values" : [ ],
    "is_ready" : false,
    "create_time" : 1647781215071,
    "multi_partition" : [ ]
  }, {
    "layout_id" : 10001,
    "build_job_id" : "8fc6c9bc-2347-6059-97e3-37dd2ef46cc2",
    "rows" : 2815,
    "byte_size" : 16052,
    "file_count" : 1,
    "source_rows" : 2815,
    "source_byte_size" : 0,
    "partition_num" : 1,
    "partition_values" : [ ],
    "is_ready" : false,
    "create_time" : 1647781215134,
    "multi_partition" : [ ]
  }, {
    "layout_id" : 1070001,
    "build_job_id" : "8fc6c9bc-2347-6059-97e3-37dd2ef46cc2",
    "rows" : 143,
    "byte_size" : 66957,
    "file_count" : 1,
    "source_rows" : 2683,
    "source_byte_size" : 0,
    "partition_num" : 1,
    "partition_values" : [ ],
    "is_ready" : false,
    "create_time" : 1647781216190,
    "multi_partition" : [ ]
  }, {
    "layout_id" : 1010001,
    "build_job_id" : "8fc6c9bc-2347-6059-97e3-37dd2ef46cc2",
    "rows" : 214,
    "byte_size" : 65723,
    "file_count" : 1,
    "source_rows" : 2611,
    "source_byte_size" : 0,
    "partition_num" : 1,
    "partition_values" : [ ],
    "is_ready" : false,
    "create_time" : 1647781216456,
    "multi_partition" : [ ]
  }, {
    "layout_id" : 1020001,
    "build_job_id" : "8fc6c9bc-2347-6059-97e3-37dd2ef46cc2",
    "rows" : 226,
    "byte_size" : 66493,
    "file_count" : 1,
    "source_rows" : 2611,
    "source_byte_size" : 0,
    "partition_num" : 1,
    "partition_values" : [ ],
    "is_ready" : false,
    "create_time" : 1647781216499,
    "multi_partition" : [ ]
  }, {
    "layout_id" : 1080001,
    "build_job_id" : "8fc6c9bc-2347-6059-97e3-37dd2ef46cc2",
    "rows" : 138,
    "byte_size" : 65849,
    "file_count" : 1,
    "source_rows" : 143,
    "source_byte_size" : 0,
    "partition_num" : 1,
    "partition_values" : [ ],
    "is_ready" : false,
    "create_time" : 1647781217245,
    "multi_partition" : [ ]
  }, {
    "layout_id" : 1060001,
    "build_job_id" : "8fc6c9bc-2347-6059-97e3-37dd2ef46cc2",
    "rows" : 105,
    "byte_size" : 62227,
    "file_count" : 1,
    "source_rows" : 138,
    "source_byte_size" : 0,
    "partition_num" : 1,
    "partition_values" : [ ],
    "is_ready" : false,
    "create_time" : 1647781218143,
    "multi_partition" : [ ]
  }, {
    "layout_id" : 1030001,
    "build_job_id" : "8fc6c9bc-2347-6059-97e3-37dd2ef46cc2",
    "rows" : 44,
    "byte_size" : 57097,
    "file_count" : 1,
    "source_rows" : 105,
    "source_byte_size" : 0,
    "partition_num" : 1,
    "partition_values" : [ ],
    "is_ready" : false,
    "create_time" : 1647781219142,
    "multi_partition" : [ ]
  } ]
}