{"distMetaUrl":"../examples/test_data/65832/metadata@hdfs,path=file:///Users/enwei.jiao/workspace/kap4/src/spark-project/examples/test_data/65832/working-dir/..-examples-test_data-65832-metadata/default/job_tmp/9dc57333-c369-8777-8356-d74c22f2e1e8/00/meta","submitter":"ADMIN","dataflowId":"89af4ee2-2cdb-4b07-b39e-4c29856309aa","dataRangeEnd":"1420041600000","targetModel":"89af4ee2-2cdb-4b07-b39e-4c29856309aa","dataRangeStart":"1356969600000","project":"default","className":"io.kyligence.kap.engine.spark.job.ResourceDetectBeforeMergingJob","parentId":"9dc57333-c369-8777-8356-d74c22f2e1e8","jobId":"9dc57333-c369-8777-8356-d74c22f2e1e8","outputMetaUrl":"../examples/test_data/65832/metadata@hdfs,path=file:///Users/enwei.jiao/workspace/kap4/src/spark-project/examples/test_data/65832/working-dir/..-examples-test_data-65832-metadata/default/job_tmp/9dc57333-c369-8777-8356-d74c22f2e1e8/00/meta_output","layoutIds":"1000001,1,10001,10002,20001,30001,20000000001,20000010001,20000020001,20000030001","segmentIds":"242f4867-fe9c-9a9e-623c-8b04999b5bff"}