{
  "uuid": "89af4ee2-2cdb-4b07-b39e-4c29856309aa",
  "alias": "nmodel_basic",
  "fact_table": "DEFAULT.TEST_KYLIN_FACT",
  "owner": "ADMIN",
  "join_tables": [
    {
      "table": "DEFAULT.TEST_ORDER",
      "join": {
        "type": "LEFT",
        "primary_key": [
          "TEST_ORDER.ORDER_ID"
        ],
        "foreign_key": [
          "TEST_KYLIN_FACT.ORDER_ID"
        ]
      }
    },
    {
      "table": "EDW.TEST_SELLER_TYPE_DIM",
      "join": {
        "type": "LEFT",
        "primary_key": [
          "TEST_SELLER_TYPE_DIM.SELLER_TYPE_CD"
        ],
        "foreign_key": [
          "TEST_KYLIN_FACT.SLR_SEGMENT_CD"
        ]
      }
    },
    {
      "table": "EDW.TEST_CAL_DT",
      "join": {
        "type": "LEFT",
        "primary_key": [
          "TEST_CAL_DT.CAL_DT"
        ],
        "foreign_key": [
          "TEST_KYLIN_FACT.CAL_DT"
        ]
      }
    },
    {
      "table": "DEFAULT.TEST_CATEGORY_GROUPINGS",
      "join": {
        "type": "LEFT",
        "primary_key": [
          "TEST_CATEGORY_GROUPINGS.LEAF_CATEG_ID",
          "TEST_CATEGORY_GROUPINGS.SITE_ID"
        ],
        "foreign_key": [
          "TEST_KYLIN_FACT.LEAF_CATEG_ID",
          "TEST_KYLIN_FACT.LSTG_SITE_ID"
        ]
      }
    },
    {
      "table": "EDW.TEST_SITES",
      "join": {
        "type": "LEFT",
        "primary_key": [
          "TEST_SITES.SITE_ID"
        ],
        "foreign_key": [
          "TEST_KYLIN_FACT.LSTG_SITE_ID"
        ]
      }
    },
    {
      "table": "DEFAULT.TEST_COUNTRY",
      "alias": "BUYER_COUNTRY",
      "join": {
        "type": "LEFT",
        "primary_key": [
          "BUYER_COUNTRY.COUNTRY"
        ],
        "foreign_key": [
          "BUYER_ACCOUNT.ACCOUNT_COUNTRY"
        ]
      }
    },
    {
      "table": "DEFAULT.TEST_COUNTRY",
      "alias": "SELLER_COUNTRY",
      "join": {
        "type": "LEFT",
        "primary_key": [
          "SELLER_COUNTRY.COUNTRY"
        ],
        "foreign_key": [
          "SELLER_ACCOUNT.ACCOUNT_COUNTRY"
        ]
      }
    },
    {
      "table": "DEFAULT.TEST_ACCOUNT",
      "alias": "SELLER_ACCOUNT",
      "join": {
        "type": "LEFT",
        "primary_key": [
          "SELLER_ACCOUNT.ACCOUNT_ID"
        ],
        "foreign_key": [
          "TEST_KYLIN_FACT.SELLER_ID"
        ]
      }
    },
    {
      "table": "DEFAULT.TEST_ACCOUNT",
      "alias": "BUYER_ACCOUNT",
      "join": {
        "type": "LEFT",
        "primary_key": [
          "BUYER_ACCOUNT.ACCOUNT_ID"
        ],
        "foreign_key": [
          "TEST_ORDER.BUYER_ID"
        ]
      }
    }
  ],
  "all_named_columns": [
    {
      "id": 0,
      "name": "SITE_NAME",
      "column": "TEST_SITES.SITE_NAME",
      "status": "DIMENSION"
    },
    {
      "id": 1,
      "name": "TRANS_ID",
      "column": "TEST_KYLIN_FACT.TRANS_ID",
      "status": "DIMENSION"
    },
    {
      "id": 2,
      "name": "CAL_DT",
      "column": "TEST_KYLIN_FACT.CAL_DT",
      "status": "DIMENSION"
    },
    {
      "id": 3,
      "name": "LSTG_FORMAT_NAME",
      "column": "TEST_KYLIN_FACT.LSTG_FORMAT_NAME",
      "status": "DIMENSION"
    },
    {
      "id": 4,
      "name": "LSTG_SITE_ID",
      "column": "TEST_KYLIN_FACT.LSTG_SITE_ID",
      "status": "DIMENSION"
    },
    {
      "id": 5,
      "name": "META_CATEG_NAME",
      "column": "TEST_CATEGORY_GROUPINGS.META_CATEG_NAME",
      "status": "DIMENSION"
    },
    {
      "id": 6,
      "name": "CATEG_LVL2_NAME",
      "column": "TEST_CATEGORY_GROUPINGS.CATEG_LVL2_NAME",
      "status": "DIMENSION"
    },
    {
      "id": 7,
      "name": "CATEG_LVL3_NAME",
      "column": "TEST_CATEGORY_GROUPINGS.CATEG_LVL3_NAME",
      "status": "DIMENSION"
    },
    {
      "id": 8,
      "name": "LEAF_CATEG_ID",
      "column": "TEST_KYLIN_FACT.LEAF_CATEG_ID",
      "status": "DIMENSION"
    },
    {
      "id": 9,
      "name": "SELLER_ID",
      "column": "TEST_KYLIN_FACT.SELLER_ID",
      "status": "DIMENSION"
    },
    {
      "id": 10,
      "name": "WEEK_BEG_DT",
      "column": "TEST_CAL_DT.WEEK_BEG_DT",
      "status": "TOMB"
    },
    {
      "id": 11,
      "name": "PRICE",
      "column": "TEST_KYLIN_FACT.PRICE",
      "status": "EXIST"
    },
    {
      "id": 12,
      "name": "ITEM_COUNT",
      "column": "TEST_KYLIN_FACT.ITEM_COUNT",
      "status": "EXIST"
    },
    {
      "id": 13,
      "name": "ORDER_ID",
      "column": "TEST_KYLIN_FACT.ORDER_ID",
      "status": "DIMENSION"
    },
    {
      "id": 14,
      "name": "TEST_DATE_ENC",
      "column": "TEST_ORDER.TEST_DATE_ENC",
      "status": "DIMENSION"
    },
    {
      "id": 15,
      "name": "TEST_TIME_ENC",
      "column": "TEST_ORDER.TEST_TIME_ENC",
      "status": "DIMENSION"
    },
    {
      "id": 16,
      "name": "SLR_SEGMENT_CD",
      "column": "TEST_KYLIN_FACT.SLR_SEGMENT_CD",
      "status": "DIMENSION"
    },
    {
      "id": 17,
      "name": "BUYER_ID",
      "column": "TEST_ORDER.BUYER_ID",
      "status": "DIMENSION"
    },
    {
      "id": 18,
      "name": "SELLER_BUYER_LEVEL",
      "column": "SELLER_ACCOUNT.ACCOUNT_BUYER_LEVEL",
      "status": "DIMENSION"
    },
    {
      "id": 19,
      "name": "SELLER_SELLER_LEVEL",
      "column": "SELLER_ACCOUNT.ACCOUNT_SELLER_LEVEL",
      "status": "DIMENSION"
    },
    {
      "id": 20,
      "name": "SELLER_COUNTRY",
      "column": "SELLER_ACCOUNT.ACCOUNT_COUNTRY",
      "status": "DIMENSION"
    },
    {
      "id": 21,
      "name": "SELLER_COUNTRY_NAME",
      "column": "SELLER_COUNTRY.NAME",
      "status": "DIMENSION"
    },
    {
      "id": 22,
      "name": "BUYER_BUYER_LEVEL",
      "column": "BUYER_ACCOUNT.ACCOUNT_BUYER_LEVEL",
      "status": "DIMENSION"
    },
    {
      "id": 23,
      "name": "BUYER_SELLER_LEVEL",
      "column": "BUYER_ACCOUNT.ACCOUNT_SELLER_LEVEL",
      "status": "DIMENSION"
    },
    {
      "id": 24,
      "name": "BUYER_COUNTRY",
      "column": "BUYER_ACCOUNT.ACCOUNT_COUNTRY",
      "status": "DIMENSION"
    },
    {
      "id": 25,
      "name": "BUYER_COUNTRY_NAME",
      "column": "BUYER_COUNTRY.NAME",
      "status": "DIMENSION"
    },
    {
      "id": 26,
      "name": "TEST_COUNT_DISTINCT_BITMAP",
      "column": "TEST_KYLIN_FACT.TEST_COUNT_DISTINCT_BITMAP",
      "status": "DIMENSION"
    },
    {
      "id": 27,
      "name": "DEAL_AMOUNT",
      "column": "TEST_KYLIN_FACT.DEAL_AMOUNT",
      "status": "DIMENSION"
    },
    {
      "id": 28,
      "name": "DEAL_YEAR",
      "column": "TEST_KYLIN_FACT.DEAL_YEAR",
      "status": "DIMENSION"
    },
    {
      "id": 29,
      "name": "LEFTJOIN_BUYER_ID_AND_COUNTRY_NAME",
      "column": "TEST_KYLIN_FACT.LEFTJOIN_BUYER_ID_AND_COUNTRY_NAME",
      "status": "DIMENSION"
    },
    {
      "id": 30,
      "name": "LEFTJOIN_SELLER_ID_AND_COUNTRY_NAME",
      "column": "TEST_KYLIN_FACT.LEFTJOIN_SELLER_ID_AND_COUNTRY_NAME",
      "status": "DIMENSION"
    },
    {
      "id": 31,
      "name": "LEFTJOIN_BUYER_COUNTRY_ABBR",
      "column": "TEST_KYLIN_FACT.LEFTJOIN_BUYER_COUNTRY_ABBR",
      "status": "DIMENSION"
    },
    {
      "id": 32,
      "name": "LEFTJOIN_SELLER_COUNTRY_ABBR",
      "column": "TEST_KYLIN_FACT.LEFTJOIN_SELLER_COUNTRY_ABBR",
      "status": "DIMENSION"
    },
    {
      "id": 33,
      "name": "NEST1",
      "column": "TEST_KYLIN_FACT.NEST1",
      "status": "DIMENSION"
    },
    {
      "id": 34,
      "name": "NEST2",
      "column": "TEST_KYLIN_FACT.NEST2",
      "status": "DIMENSION"
    },
    {
      "id": 35,
      "name": "NEST3",
      "column": "TEST_KYLIN_FACT.NEST3",
      "status": "DIMENSION"
    },
    {
      "id": 36,
      "name": "NEST4",
      "column": "TEST_KYLIN_FACT.NEST4",
      "status": "DIMENSION"
    },
    {
      "id": 37,
      "name": "CAL_DT1",
      "column": "TEST_CAL_DT.CAL_DT",
      "status": "DIMENSION"
    },
    {
      "id": 38,
      "name": "NEST5",
      "column": "TEST_KYLIN_FACT.NEST5",
      "status": "DIMENSION"
    },
    {
      "id": 39,
      "name": "AGE_FOR_RTL_QTR_ID",
      "column": "TEST_CAL_DT.AGE_FOR_RTL_QTR_ID"
    },
    {
      "id": 40,
      "name": "RTL_YEAR_BEG_DT",
      "column": "TEST_CAL_DT.RTL_YEAR_BEG_DT"
    },
    {
      "id": 41,
      "name": "DAY_OF_QTR_ID",
      "column": "TEST_CAL_DT.DAY_OF_QTR_ID"
    },
    {
      "id": 42,
      "name": "SITES_UPD_DATE",
      "column": "TEST_SITES.SITES_UPD_DATE"
    },
    {
      "id": 43,
      "name": "CATEG_LVL4_NAME",
      "column": "TEST_CATEGORY_GROUPINGS.CATEG_LVL4_NAME"
    },
    {
      "id": 44,
      "name": "CRE_DATE",
      "column": "TEST_SITES.CRE_DATE"
    },
    {
      "id": 45,
      "name": "QTR_END_DT",
      "column": "TEST_CAL_DT.QTR_END_DT"
    },
    {
      "id": 46,
      "name": "AGE_FOR_RTL_WEEK_ID",
      "column": "TEST_CAL_DT.AGE_FOR_RTL_WEEK_ID"
    },
    {
      "id": 47,
      "name": "CATEG_LVL6_ID",
      "column": "TEST_CATEGORY_GROUPINGS.CATEG_LVL6_ID"
    },
    {
      "id": 48,
      "name": "IS_EFFECTUAL",
      "column": "TEST_KYLIN_FACT.IS_EFFECTUAL",
      "status": "DIMENSION"
    },
    {
      "id": 49,
      "name": "YEAR_OF_CAL_ID",
      "column": "TEST_CAL_DT.YEAR_OF_CAL_ID"
    },
    {
      "id": 50,
      "name": "AGE_FOR_RTL_MONTH_ID",
      "column": "TEST_CAL_DT.AGE_FOR_RTL_MONTH_ID"
    },
    {
      "id": 51,
      "name": "CAL_DATE",
      "column": "TEST_CAL_DT.CAL_DATE"
    },
    {
      "id": 52,
      "name": "MONTH_END_DT",
      "column": "TEST_CAL_DT.MONTH_END_DT"
    },
    {
      "id": 53,
      "name": "BUYER_ACCOUNT_ACCOUNT_ID",
      "column": "BUYER_ACCOUNT.ACCOUNT_ID"
    },
    {
      "id": 54,
      "name": "AGE_FOR_QTR_ID",
      "column": "TEST_CAL_DT.AGE_FOR_QTR_ID"
    },
    {
      "id": 55,
      "name": "DAY_OF_YEAR_ID",
      "column": "TEST_CAL_DT.DAY_OF_YEAR_ID"
    },
    {
      "id": 56,
      "name": "YEAR_IND",
      "column": "TEST_CAL_DT.YEAR_IND"
    },
    {
      "id": 57,
      "name": "SELLER_COUNTRY_LATITUDE",
      "column": "SELLER_COUNTRY.LATITUDE"
    },
    {
      "id": 58,
      "name": "RETAIL_WEEK",
      "column": "TEST_CAL_DT.RETAIL_WEEK"
    },
    {
      "id": 59,
      "name": "CAL_DT_MNS_2QTR_DT",
      "column": "TEST_CAL_DT.CAL_DT_MNS_2QTR_DT"
    },
    {
      "id": 60,
      "name": "CAL_DT_UPD_USER",
      "column": "TEST_CAL_DT.CAL_DT_UPD_USER"
    },
    {
      "id": 61,
      "name": "SITE_CNTRY_ID",
      "column": "TEST_SITES.SITE_CNTRY_ID"
    },
    {
      "id": 62,
      "name": "YTM_YN_ID",
      "column": "TEST_CAL_DT.YTM_YN_ID"
    },
    {
      "id": 63,
      "name": "CAL_DT_MNS_1QTR_DT",
      "column": "TEST_CAL_DT.CAL_DT_MNS_1QTR_DT"
    },
    {
      "id": 64,
      "name": "CATEG_FLAGS",
      "column": "TEST_CATEGORY_GROUPINGS.CATEG_FLAGS"
    },
    {
      "id": 65,
      "name": "CATEG_LVL5_ID",
      "column": "TEST_CATEGORY_GROUPINGS.CATEG_LVL5_ID"
    },
    {
      "id": 66,
      "name": "GCS_ID",
      "column": "TEST_CATEGORY_GROUPINGS.GCS_ID"
    },
    {
      "id": 67,
      "name": "GROUPINGS_CRE_DATE",
      "column": "TEST_CATEGORY_GROUPINGS.GROUPINGS_CRE_DATE"
    },
    {
      "id": 68,
      "name": "CAL_DT_UPD_DATE",
      "column": "TEST_CAL_DT.CAL_DT_UPD_DATE"
    },
    {
      "id": 69,
      "name": "CRE_USER",
      "column": "TEST_SITES.CRE_USER"
    },
    {
      "id": 70,
      "name": "GLBL_RPRT_SLR_SGMNT_CD",
      "column": "TEST_SELLER_TYPE_DIM.GLBL_RPRT_SLR_SGMNT_CD"
    },
    {
      "id": 71,
      "name": "SELLER_COUNTRY_COUNTRY",
      "column": "SELLER_COUNTRY.COUNTRY"
    },
    {
      "id": 72,
      "name": "SEASON_OF_YEAR_ID",
      "column": "TEST_CAL_DT.SEASON_OF_YEAR_ID"
    },
    {
      "id": 73,
      "name": "DIM_UPD_DATE",
      "column": "TEST_SELLER_TYPE_DIM.DIM_UPD_DATE"
    },
    {
      "id": 74,
      "name": "YTW_YN_ID",
      "column": "TEST_CAL_DT.YTW_YN_ID"
    },
    {
      "id": 75,
      "name": "CATEG_LVL2_ID",
      "column": "TEST_CATEGORY_GROUPINGS.CATEG_LVL2_ID"
    },
    {
      "id": 76,
      "name": "WEEK_IN_YEAR_ID",
      "column": "TEST_CAL_DT.WEEK_IN_YEAR_ID"
    },
    {
      "id": 77,
      "name": "CAL_DT_MNS_2WEEK_DT",
      "column": "TEST_CAL_DT.CAL_DT_MNS_2WEEK_DT"
    },
    {
      "id": 78,
      "name": "QTR_ID",
      "column": "TEST_CAL_DT.QTR_ID"
    },
    {
      "id": 79,
      "name": "CAL_DT_MNS_1WEEK_DT",
      "column": "TEST_CAL_DT.CAL_DT_MNS_1WEEK_DT"
    },
    {
      "id": 80,
      "name": "RETAIL_WK_END_DATE",
      "column": "TEST_CAL_DT.RETAIL_WK_END_DATE"
    },
    {
      "id": 81,
      "name": "VCS_ID",
      "column": "TEST_CATEGORY_GROUPINGS.VCS_ID"
    },
    {
      "id": 82,
      "name": "AGE_FOR_CS_WEEK_ID",
      "column": "TEST_CAL_DT.AGE_FOR_CS_WEEK_ID"
    },
    {
      "id": 83,
      "name": "REGN_CATEG",
      "column": "TEST_CATEGORY_GROUPINGS.REGN_CATEG"
    },
    {
      "id": 84,
      "name": "RTL_QTR_BEG_DT",
      "column": "TEST_CAL_DT.RTL_QTR_BEG_DT"
    },
    {
      "id": 85,
      "name": "SELLER_TYPE_CD",
      "column": "TEST_SELLER_TYPE_DIM.SELLER_TYPE_CD"
    },
    {
      "id": 86,
      "name": "SELLER_ACCOUNT_ACCOUNT_CONTACT",
      "column": "SELLER_ACCOUNT.ACCOUNT_CONTACT"
    },
    {
      "id": 87,
      "name": "DIM_UPD_USER",
      "column": "TEST_SELLER_TYPE_DIM.DIM_UPD_USER"
    },
    {
      "id": 88,
      "name": "AGE_FOR_YEAR_ID",
      "column": "TEST_CAL_DT.AGE_FOR_YEAR_ID"
    },
    {
      "id": 89,
      "name": "CURR_CAL_DT_MNS_1YEAR_YN_ID",
      "column": "TEST_CAL_DT.CURR_CAL_DT_MNS_1YEAR_YN_ID"
    },
    {
      "id": 90,
      "name": "LEAF_CATEG_NAME",
      "column": "TEST_CATEGORY_GROUPINGS.LEAF_CATEG_NAME"
    },
    {
      "id": 91,
      "name": "CATEG_LVL7_ID",
      "column": "TEST_CATEGORY_GROUPINGS.CATEG_LVL7_ID"
    },
    {
      "id": 92,
      "name": "TEST_EXTENDED_COLUMN",
      "column": "TEST_ORDER.TEST_EXTENDED_COLUMN"
    },
    {
      "id": 93,
      "name": "RTL_MONTH_OF_RTL_YEAR_ID",
      "column": "TEST_CAL_DT.RTL_MONTH_OF_RTL_YEAR_ID"
    },
    {
      "id": 94,
      "name": "WEEK_ID",
      "column": "TEST_CAL_DT.WEEK_ID"
    },
    {
      "id": 95,
      "name": "MONTH_ID",
      "column": "TEST_CAL_DT.MONTH_ID"
    },
    {
      "id": 96,
      "name": "CURR_CAL_DT_MNS_1MONTH_YN_ID",
      "column": "TEST_CAL_DT.CURR_CAL_DT_MNS_1MONTH_YN_ID"
    },
    {
      "id": 97,
      "name": "SEASON_BEG_DT",
      "column": "TEST_CAL_DT.SEASON_BEG_DT"
    },
    {
      "id": 98,
      "name": "CATEG_LVL7_NAME",
      "column": "TEST_CATEGORY_GROUPINGS.CATEG_LVL7_NAME"
    },
    {
      "id": 99,
      "name": "UPD_USER",
      "column": "TEST_CATEGORY_GROUPINGS.UPD_USER"
    },
    {
      "id": 100,
      "name": "BUYER_COUNTRY_LATITUDE",
      "column": "BUYER_COUNTRY.LATITUDE"
    },
    {
      "id": 101,
      "name": "DAY_OF_MONTH_ID",
      "column": "TEST_CAL_DT.DAY_OF_MONTH_ID"
    },
    {
      "id": 102,
      "name": "CURR_CAL_DT_MNS_2WEEK_YN_IND",
      "column": "TEST_CAL_DT.CURR_CAL_DT_MNS_2WEEK_YN_IND"
    },
    {
      "id": 103,
      "name": "WEEK_OF_YEAR_ID",
      "column": "TEST_CAL_DT.WEEK_OF_YEAR_ID"
    },
    {
      "id": 104,
      "name": "DAY_IN_MONTH_COUNT",
      "column": "TEST_CAL_DT.DAY_IN_MONTH_COUNT"
    },
    {
      "id": 105,
      "name": "QTR_DESC",
      "column": "TEST_CAL_DT.QTR_DESC"
    },
    {
      "id": 106,
      "name": "MONTH_OF_YEAR_ID",
      "column": "TEST_CAL_DT.MONTH_OF_YEAR_ID"
    },
    {
      "id": 107,
      "name": "MONTH_OF_QTR_ID",
      "column": "TEST_CAL_DT.MONTH_OF_QTR_ID"
    },
    {
      "id": 108,
      "name": "CATEG_LVL6_NAME",
      "column": "TEST_CATEGORY_GROUPINGS.CATEG_LVL6_NAME"
    },
    {
      "id": 109,
      "name": "CURR_CAL_DT_MNS_2YEAR_YN_ID",
      "column": "TEST_CAL_DT.CURR_CAL_DT_MNS_2YEAR_YN_ID"
    },
    {
      "id": 110,
      "name": "MTD_YN_ID",
      "column": "TEST_CAL_DT.MTD_YN_ID"
    },
    {
      "id": 111,
      "name": "RETAIL_START_DATE",
      "column": "TEST_CAL_DT.RETAIL_START_DATE"
    },
    {
      "id": 112,
      "name": "TEST_CATEGORY_GROUPINGS_LEAF_CATEG_ID",
      "column": "TEST_CATEGORY_GROUPINGS.LEAF_CATEG_ID"
    },
    {
      "id": 113,
      "name": "QTR_IND",
      "column": "TEST_CAL_DT.QTR_IND"
    },
    {
      "id": 114,
      "name": "UPD_DATE",
      "column": "TEST_CATEGORY_GROUPINGS.UPD_DATE"
    },
    {
      "id": 115,
      "name": "TEST_SITES_SITE_ID",
      "column": "TEST_SITES.SITE_ID"
    },
    {
      "id": 116,
      "name": "DAY_IN_YEAR_COUNT",
      "column": "TEST_CAL_DT.DAY_IN_YEAR_COUNT"
    },
    {
      "id": 117,
      "name": "WEEK_BEG_END_DESC_MDY",
      "column": "TEST_CAL_DT.WEEK_BEG_END_DESC_MDY"
    },
    {
      "id": 118,
      "name": "WEEK_END_DT",
      "column": "TEST_CAL_DT.WEEK_END_DT"
    },
    {
      "id": 119,
      "name": "RTL_WEEK_BEG_DT",
      "column": "TEST_CAL_DT.RTL_WEEK_BEG_DT"
    },
    {
      "id": 120,
      "name": "WEEK_END_DATE",
      "column": "TEST_CAL_DT.WEEK_END_DATE"
    },
    {
      "id": 121,
      "name": "DAY_OF_WEEK",
      "column": "TEST_CAL_DT.DAY_OF_WEEK"
    },
    {
      "id": 122,
      "name": "RTL_MONTH_BEG_DT",
      "column": "TEST_CAL_DT.RTL_MONTH_BEG_DT"
    },
    {
      "id": 123,
      "name": "TEST_ORDER_ORDER_ID",
      "column": "TEST_ORDER.ORDER_ID"
    },
    {
      "id": 124,
      "name": "DAY_IN_QTR_COUNT",
      "column": "TEST_CAL_DT.DAY_IN_QTR_COUNT"
    },
    {
      "id": 125,
      "name": "YEAR_ID",
      "column": "TEST_CAL_DT.YEAR_ID"
    },
    {
      "id": 126,
      "name": "WEEK_BEG_DT",
      "column": "TEST_CAL_DT.WEEK_BEG_DT"
    },
    {
      "id": 127,
      "name": "BUYER_COUNTRY_LONGITUDE",
      "column": "BUYER_COUNTRY.LONGITUDE"
    },
    {
      "id": 128,
      "name": "PRD_IND",
      "column": "TEST_CAL_DT.PRD_IND"
    },
    {
      "id": 129,
      "name": "SAP_CATEGORY_ID",
      "column": "TEST_CATEGORY_GROUPINGS.SAP_CATEGORY_ID"
    },
    {
      "id": 130,
      "name": "BUYER_COUNTRY_COUNTRY",
      "column": "BUYER_COUNTRY.COUNTRY"
    },
    {
      "id": 131,
      "name": "SITE_DOMAIN_CODE",
      "column": "TEST_SITES.SITE_DOMAIN_CODE"
    },
    {
      "id": 132,
      "name": "BSNS_VRTCL_NAME",
      "column": "TEST_CATEGORY_GROUPINGS.BSNS_VRTCL_NAME"
    },
    {
      "id": 133,
      "name": "CATEG_BUSN_UNIT",
      "column": "TEST_CATEGORY_GROUPINGS.CATEG_BUSN_UNIT"
    },
    {
      "id": 134,
      "name": "CATEG_LVL3_ID",
      "column": "TEST_CATEGORY_GROUPINGS.CATEG_LVL3_ID"
    },
    {
      "id": 135,
      "name": "AGE_FOR_MONTH_ID",
      "column": "TEST_CAL_DT.AGE_FOR_MONTH_ID"
    },
    {
      "id": 136,
      "name": "CAL_DT_NAME",
      "column": "TEST_CAL_DT.CAL_DT_NAME"
    },
    {
      "id": 137,
      "name": "CAL_DT_MNS_1YEAR_DT",
      "column": "TEST_CAL_DT.CAL_DT_MNS_1YEAR_DT"
    },
    {
      "id": 138,
      "name": "SELLER_GROUP_DESC",
      "column": "TEST_SELLER_TYPE_DIM.SELLER_GROUP_DESC"
    },
    {
      "id": 139,
      "name": "CAL_DT_DESC",
      "column": "TEST_CAL_DT.CAL_DT_DESC"
    },
    {
      "id": 140,
      "name": "EOA_EMAIL_CSTMZBL_SITE_YN_ID",
      "column": "TEST_SITES.EOA_EMAIL_CSTMZBL_SITE_YN_ID"
    },
    {
      "id": 141,
      "name": "AGE_FOR_DT_ID",
      "column": "TEST_CAL_DT.AGE_FOR_DT_ID"
    },
    {
      "id": 142,
      "name": "WTD_YN_ID",
      "column": "TEST_CAL_DT.WTD_YN_ID"
    },
    {
      "id": 143,
      "name": "MONTH_OF_CAL_ID",
      "column": "TEST_CAL_DT.MONTH_OF_CAL_ID"
    },
    {
      "id": 144,
      "name": "RTL_QTR_OF_RTL_YEAR_ID",
      "column": "TEST_CAL_DT.RTL_QTR_OF_RTL_YEAR_ID"
    },
    {
      "id": 145,
      "name": "YEAR_BEG_DT",
      "column": "TEST_CAL_DT.YEAR_BEG_DT"
    },
    {
      "id": 146,
      "name": "SELLER_GROUP_CD",
      "column": "TEST_SELLER_TYPE_DIM.SELLER_GROUP_CD"
    },
    {
      "id": 147,
      "name": "BUYER_ACCOUNT_ACCOUNT_CONTACT",
      "column": "BUYER_ACCOUNT.ACCOUNT_CONTACT"
    },
    {
      "id": 148,
      "name": "SELLER_COUNTRY_LONGITUDE",
      "column": "SELLER_COUNTRY.LONGITUDE"
    },
    {
      "id": 149,
      "name": "WEEK_IND",
      "column": "TEST_CAL_DT.WEEK_IND"
    },
    {
      "id": 150,
      "name": "CURR_CAL_DT_MNS_2QTR_YN_ID",
      "column": "TEST_CAL_DT.CURR_CAL_DT_MNS_2QTR_YN_ID"
    },
    {
      "id": 151,
      "name": "QTR_BEG_DT",
      "column": "TEST_CAL_DT.QTR_BEG_DT"
    },
    {
      "id": 152,
      "name": "CAL_DT_CRE_DATE",
      "column": "TEST_CAL_DT.CAL_DT_CRE_DATE"
    },
    {
      "id": 153,
      "name": "MOVE_TO",
      "column": "TEST_CATEGORY_GROUPINGS.MOVE_TO"
    },
    {
      "id": 154,
      "name": "USER_DEFINED_FIELD1",
      "column": "TEST_CATEGORY_GROUPINGS.USER_DEFINED_FIELD1"
    },
    {
      "id": 155,
      "name": "CAL_DT_SHORT_NAME",
      "column": "TEST_CAL_DT.CAL_DT_SHORT_NAME"
    },
    {
      "id": 156,
      "name": "PRD_DESC",
      "column": "TEST_CAL_DT.PRD_DESC"
    },
    {
      "id": 157,
      "name": "CAL_DT_MNS_1MONTH_DT",
      "column": "TEST_CAL_DT.CAL_DT_MNS_1MONTH_DT"
    },
    {
      "id": 158,
      "name": "DFAULT_LSTG_CURNCY",
      "column": "TEST_SITES.DFAULT_LSTG_CURNCY"
    },
    {
      "id": 159,
      "name": "CATEG_LVL5_NAME",
      "column": "TEST_CATEGORY_GROUPINGS.CATEG_LVL5_NAME"
    },
    {
      "id": 160,
      "name": "YEAR_END_DT",
      "column": "TEST_CAL_DT.YEAR_END_DT"
    },
    {
      "id": 161,
      "name": "USER_DEFINED_FIELD3",
      "column": "TEST_CATEGORY_GROUPINGS.USER_DEFINED_FIELD3"
    },
    {
      "id": 162,
      "name": "USER_DEFINED_FIELD5",
      "column": "TEST_CATEGORY_GROUPINGS.USER_DEFINED_FIELD5"
    },
    {
      "id": 163,
      "name": "GROUPINGS_CRE_USER",
      "column": "TEST_CATEGORY_GROUPINGS.GROUPINGS_CRE_USER"
    },
    {
      "id": 164,
      "name": "CURR_CAL_DT_MNS_1WEEK_YN_IND",
      "column": "TEST_CAL_DT.CURR_CAL_DT_MNS_1WEEK_YN_IND"
    },
    {
      "id": 165,
      "name": "SRC_ID",
      "column": "TEST_CATEGORY_GROUPINGS.SRC_ID"
    },
    {
      "id": 166,
      "name": "MONTH_BEG_DT",
      "column": "TEST_CAL_DT.MONTH_BEG_DT"
    },
    {
      "id": 167,
      "name": "CATEG_BUSN_MGR",
      "column": "TEST_CATEGORY_GROUPINGS.CATEG_BUSN_MGR"
    },
    {
      "id": 168,
      "name": "PRD_FLAG",
      "column": "TEST_CAL_DT.PRD_FLAG"
    },
    {
      "id": 169,
      "name": "CAL_DT_MNS_2MONTH_DT",
      "column": "TEST_CAL_DT.CAL_DT_MNS_2MONTH_DT"
    },
    {
      "id": 170,
      "name": "AGE_FOR_RTL_YEAR_ID",
      "column": "TEST_CAL_DT.AGE_FOR_RTL_YEAR_ID"
    },
    {
      "id": 171,
      "name": "WEEK_BEG_DATE",
      "column": "TEST_CAL_DT.WEEK_BEG_DATE"
    },
    {
      "id": 172,
      "name": "WEEK_NUM_DESC",
      "column": "TEST_CAL_DT.WEEK_NUM_DESC"
    },
    {
      "id": 173,
      "name": "RETAIL_YEAR",
      "column": "TEST_CAL_DT.RETAIL_YEAR"
    },
    {
      "id": 174,
      "name": "SELLER_TYPE_DESC",
      "column": "TEST_SELLER_TYPE_DIM.SELLER_TYPE_DESC"
    },
    {
      "id": 175,
      "name": "DOMAIN_ID",
      "column": "TEST_CATEGORY_GROUPINGS.DOMAIN_ID"
    },
    {
      "id": 176,
      "name": "CURR_CAL_DT_MNS_2MONTH_YN_ID",
      "column": "TEST_CAL_DT.CURR_CAL_DT_MNS_2MONTH_YN_ID"
    },
    {
      "id": 177,
      "name": "META_CATEG_ID",
      "column": "TEST_CATEGORY_GROUPINGS.META_CATEG_ID"
    },
    {
      "id": 178,
      "name": "DAY_OF_CAL_ID",
      "column": "TEST_CAL_DT.DAY_OF_CAL_ID"
    },
    {
      "id": 179,
      "name": "PRD_ID",
      "column": "TEST_CAL_DT.PRD_ID"
    },
    {
      "id": 180,
      "name": "CAL_DT_CRE_USER",
      "column": "TEST_CAL_DT.CAL_DT_CRE_USER"
    },
    {
      "id": 181,
      "name": "DIM_CRE_DATE",
      "column": "TEST_SELLER_TYPE_DIM.DIM_CRE_DATE"
    },
    {
      "id": 182,
      "name": "DAY_OF_WEEK_ID",
      "column": "TEST_CAL_DT.DAY_OF_WEEK_ID"
    },
    {
      "id": 183,
      "name": "CATEG_LVL4_ID",
      "column": "TEST_CATEGORY_GROUPINGS.CATEG_LVL4_ID"
    },
    {
      "id": 184,
      "name": "YTQ_YN_ID",
      "column": "TEST_CAL_DT.YTQ_YN_ID"
    },
    {
      "id": 185,
      "name": "YTD_YN_ID",
      "column": "TEST_CAL_DT.YTD_YN_ID"
    },
    {
      "id": 186,
      "name": "TEST_CATEGORY_GROUPINGS_SITE_ID",
      "column": "TEST_CATEGORY_GROUPINGS.SITE_ID"
    },
    {
      "id": 187,
      "name": "CS_WEEK_BEG_DT",
      "column": "TEST_CAL_DT.CS_WEEK_BEG_DT"
    },
    {
      "id": 188,
      "name": "QTR_OF_CAL_ID",
      "column": "TEST_CAL_DT.QTR_OF_CAL_ID"
    },
    {
      "id": 189,
      "name": "ADULT_CATEG_YN",
      "column": "TEST_CATEGORY_GROUPINGS.ADULT_CATEG_YN"
    },
    {
      "id": 190,
      "name": "DAY_IN_WEEK_COUNT",
      "column": "TEST_CAL_DT.DAY_IN_WEEK_COUNT"
    },
    {
      "id": 191,
      "name": "QTR_OF_YEAR_ID",
      "column": "TEST_CAL_DT.QTR_OF_YEAR_ID"
    },
    {
      "id": 192,
      "name": "SELLER_ACCOUNT_ACCOUNT_ID",
      "column": "SELLER_ACCOUNT.ACCOUNT_ID"
    },
    {
      "id": 193,
      "name": "CURR_CAL_DT_MNS_1QTR_YN_ID",
      "column": "TEST_CAL_DT.CURR_CAL_DT_MNS_1QTR_YN_ID"
    },
    {
      "id": 194,
      "name": "AGE_FOR_WEEK_ID",
      "column": "TEST_CAL_DT.AGE_FOR_WEEK_ID"
    },
    {
      "id": 195,
      "name": "DIM_CRE_USER",
      "column": "TEST_SELLER_TYPE_DIM.DIM_CRE_USER"
    },
    {
      "id": 196,
      "name": "CAL_DT_MNS_2YEAR_DT",
      "column": "TEST_CAL_DT.CAL_DT_MNS_2YEAR_DT"
    },
    {
      "id": 197,
      "name": "RTL_WEEK_OF_RTL_YEAR_ID",
      "column": "TEST_CAL_DT.RTL_WEEK_OF_RTL_YEAR_ID"
    },
    {
      "id": 198,
      "name": "WEEK_BEG_END_DESC_MD",
      "column": "TEST_CAL_DT.WEEK_BEG_END_DESC_MD"
    },
    {
      "id": 199,
      "name": "QTD_YN_ID",
      "column": "TEST_CAL_DT.QTD_YN_ID"
    },
    {
      "id": 200,
      "name": "SITES_UPD_USER",
      "column": "TEST_SITES.SITES_UPD_USER"
    },
    {
      "id": 201,
      "name": "WEEK_OF_CAL_ID",
      "column": "TEST_CAL_DT.WEEK_OF_CAL_ID"
    }
  ],
  "all_measures": [
    {
      "id": 100000,
      "name": "TRANS_CNT",
      "function": {
        "expression": "COUNT",
        "parameters": [{
          "type": "constant",
          "value": "1"
        }],
        "returntype": "bigint"
      }
    },
    {
      "id": 100001,
      "name": "GMV_SUM",
      "function": {
        "expression": "SUM",
        "parameters": [{
          "type": "column",
          "value": "TEST_KYLIN_FACT.PRICE"
        }],
        "returntype": "decimal(19,4)"
      }
    },
    {
      "id": 100002,
      "name": "GMV_MIN",
      "function": {
        "expression": "MIN",
        "parameters": [{
          "type": "column",
          "value": "TEST_KYLIN_FACT.PRICE"
        }],
        "returntype": "decimal(19,4)"
      }
    },
    {
      "id": 100003,
      "name": "GMV_MAX",
      "function": {
        "expression": "MAX",
        "parameters": [{
          "type": "column",
          "value": "TEST_KYLIN_FACT.PRICE"
        }],
        "returntype": "decimal(19,4)"
      }
    },
    {
      "id": 100004,
      "name": "ITEM_COUNT_SUM",
      "function": {
        "expression": "SUM",
        "parameters": [{
          "type": "column",
          "value": "TEST_KYLIN_FACT.ITEM_COUNT"
        }],
        "returntype": "bigint"
      }
    },
    {
      "id": 100005,
      "name": "ITEM_COUNT_MAX",
      "function": {
        "expression": "MAX",
        "parameters": [{
          "type": "column",
          "value": "TEST_KYLIN_FACT.ITEM_COUNT"
        }],
        "returntype": "bigint"
      }
    },
    {
      "id": 100006,
      "name": "ITEM_COUNT_MIN",
      "tomb": true,
      "function": {
        "expression": "MIN",
        "parameters": [{
          "type": "column",
          "value": "TEST_KYLIN_FACT.ITEM_COUNT"
        }],
        "returntype": "bigint"
      }
    },
    {
      "id": 100007,
      "name": "SELLER_HLL",
      "function": {
        "expression": "COUNT_DISTINCT",
        "parameters": [{
          "type": "column",
          "value": "TEST_KYLIN_FACT.SELLER_ID"
        }],
        "returntype": "hllc(10)"
      }
    },
    {
      "id": 100008,
      "name": "COUNT_DISTINCT",
      "function": {
        "expression": "COUNT_DISTINCT",
        "parameters": [{
          "type": "column",
          "value": "TEST_KYLIN_FACT.LSTG_FORMAT_NAME"
        }],
        "returntype": "hllc(10)"
      }
    },
    {
      "id": 100009,
      "name": "TOP_SELLER",
      "function": {
        "expression": "TOP_N",
        "parameters": [{
          "type": "column",
          "value": "TEST_KYLIN_FACT.PRICE"
        },{
          "type": "column",
          "value": "TEST_KYLIN_FACT.SELLER_ID"
        }],
        "returntype": "topn(10000, 4)",
        "configuration": {
          "topn.encoding.TEST_KYLIN_FACT.SELLER_ID": "int:4"
        }
      }
    },
    {
      "id": 100010,
      "name": "TEST_COUNT_DISTINCT_BITMAP",
      "function": {
        "expression": "COUNT_DISTINCT",
        "parameters": [{
          "type": "column",
          "value": "TEST_KYLIN_FACT.TEST_COUNT_DISTINCT_BITMAP"
        }],
        "returntype": "bitmap"
      }
    },
    {
      "id":100011,
      "name": "GVM_PERCENTILE",
      "function": {
        "expression": "PERCENTILE",
        "parameters": [{
          "type": "column",
          "value": "TEST_KYLIN_FACT.PRICE"
        }],
        "returntype": "percentile(10000)"
      }
    },
    {
      "id": 100012,
      "name": "COUNT_SELLER_ID",
      "function": {
        "expression": "COUNT",
        "parameters": [{
          "type": "column",
          "value": "TEST_KYLIN_FACT.SELLER_ID"
        }],
        "returntype": "bigint"
      }
    },
    {
      "id": 100013,
      "name": "COUNT_PRICE",
      "function": {
        "expression": "COUNT",
        "parameters": [{
          "type": "column",
          "value": "TEST_KYLIN_FACT.PRICE"
        }],
        "returntype": "bigint"
      }
    },
    {
      "id": 100014,
      "name": "COUNT_CAL_DT",
      "function": {
        "expression": "COUNT",
        "parameters": [{
          "type": "column",
          "value": "TEST_CAL_DT.CAL_DT"
        }],
        "returntype": "bigint"
      }
    },
    {
      "id": 100015,
      "name": "SUM_NEST4",
      "function": {
        "expression": "SUM",
        "parameters": [{
          "type": "column",
          "value": "TEST_KYLIN_FACT.NEST4"
        }],
        "returntype": "decimal"
      }
    },
    {
      "id": 100016,
      "name": "SUM_DEAL_AMOUNT",
      "function": {
        "expression": "SUM",
        "parameters": [{
          "type": "column",
          "value": "TEST_KYLIN_FACT.DEAL_AMOUNT"
        }],
        "returntype": "decimal"
      }
    },
    {
      "id": 100017,
      "name": "COLLECT_SET_CAL_DT",
      "function": {
        "expression": "COLLECT_SET",
        "parameters": [{
          "type": "column",
          "value": "TEST_KYLIN_FACT.CAL_DT"
        }],
        "returntype": "array"
      }
    }
  ],
  "column_correlations": [
    {
      "name": "CATEGORY_HIERARCHY",
      "correlation_type": "hierarchy",
      "columns": [
        "TEST_CATEGORY_GROUPINGS.META_CATEG_NAME",
        "TEST_CATEGORY_GROUPINGS.CATEG_LVL2_NAME",
        "TEST_CATEGORY_GROUPINGS.CATEG_LVL3_NAME"
      ]
    },
    {
      "name": "DATE_HIERARCHY",
      "correlation_type": "hierarchy",
      "columns": [
        "TEST_CAL_DT.WEEK_BEG_DT",
        "TEST_KYLIN_FACT.CAL_DT"
      ]
    },
    {
      "name": "SITE_JOINT",
      "correlation_type": "joint",
      "columns": [
        "TEST_KYLIN_FACT.LSTG_SITE_ID",
        "TEST_SITES.SITE_NAME"
      ]
    }
  ],
  "computed_columns": [
    {
      "tableIdentity": "DEFAULT.TEST_KYLIN_FACT",
      "tableAlias": "TEST_KYLIN_FACT",
      "columnName": "DEAL_AMOUNT",
      "expression": "TEST_KYLIN_FACT.PRICE * TEST_KYLIN_FACT.ITEM_COUNT",
      "datatype": "decimal(30,4)",
      "comment": "deal amount of left join model (with legacy expression format)"
    },
    {
      "tableIdentity": "DEFAULT.TEST_KYLIN_FACT",
      "tableAlias": "TEST_KYLIN_FACT",
      "columnName": "DEAL_YEAR",
      "expression": "year(TEST_KYLIN_FACT.CAL_DT)",
      "datatype": "integer",
      "comment": "the year of the deal"
    },
    {
      "tableIdentity": "DEFAULT.TEST_KYLIN_FACT",
      "tableAlias": "TEST_KYLIN_FACT",
      "columnName": "LEFTJOIN_BUYER_ID_AND_COUNTRY_NAME",
      "expression": "CONCAT(BUYER_ACCOUNT.ACCOUNT_ID, BUYER_COUNTRY.NAME)",
      "datatype": "string",
      "comment": "synthetically concat buyer's account id and buyer country"
    },
    {
      "tableIdentity": "DEFAULT.TEST_KYLIN_FACT",
      "tableAlias": "TEST_KYLIN_FACT",
      "columnName": "LEFTJOIN_SELLER_ID_AND_COUNTRY_NAME",
      "expression": "CONCAT(SELLER_ACCOUNT.ACCOUNT_ID, SELLER_COUNTRY.NAME)",
      "datatype": "string",
      "comment": "synthetically concat seller's account id and seller country"
    },
    {
      "tableIdentity": "DEFAULT.TEST_KYLIN_FACT",
      "tableAlias": "TEST_KYLIN_FACT",
      "columnName": "LEFTJOIN_BUYER_COUNTRY_ABBR",
      "expression": "SUBSTR(BUYER_ACCOUNT.ACCOUNT_COUNTRY,0,1)",
      "datatype": "string",
      "comment": "first char of country of buyer account"
    },
    {
      "tableIdentity": "DEFAULT.TEST_KYLIN_FACT",
      "tableAlias": "TEST_KYLIN_FACT",
      "columnName": "LEFTJOIN_SELLER_COUNTRY_ABBR",
      "expression": "SUBSTR(SELLER_ACCOUNT.ACCOUNT_COUNTRY,0,1)",
      "datatype": "string",
      "comment": "first char of country of seller account"
    },
    {
      "tableIdentity": "DEFAULT.TEST_KYLIN_FACT",
      "tableAlias": "TEST_KYLIN_FACT",
      "columnName": "NEST1",
      "expression": "TEST_KYLIN_FACT.PRICE + 11",
      "datatype": "decimal(20,4)",
      "comment": "test nest1"
    },
    {
      "tableIdentity": "DEFAULT.TEST_KYLIN_FACT",
      "tableAlias": "TEST_KYLIN_FACT",
      "columnName": "NEST2",
      "expression": "TEST_KYLIN_FACT.NEST1 * 12",
      "innerExpression": "(TEST_KYLIN_FACT.PRICE + 11) * 12",
      "datatype": "decimal(23,4)",
      "comment": "test nest2"
    },
    {
      "tableIdentity": "DEFAULT.TEST_KYLIN_FACT",
      "tableAlias": "TEST_KYLIN_FACT",
      "columnName": "NEST3",
      "expression": "round(TEST_KYLIN_FACT.NEST2, 0)",
      "innerExpression": "round((TEST_KYLIN_FACT.PRICE + 11) * 12, 0)",
      "datatype": "decimal(23,0)",
      "comment": "test nest3"
    },
    {
      "tableIdentity": "DEFAULT.TEST_KYLIN_FACT",
      "tableAlias": "TEST_KYLIN_FACT",
      "columnName": "NEST4",
      "expression": "TEST_KYLIN_FACT.NEST3 * TEST_KYLIN_FACT.ITEM_COUNT",
      "innerExpression": "round((TEST_KYLIN_FACT.PRICE + 11) * 12, 0) * TEST_KYLIN_FACT.ITEM_COUNT",
      "datatype": "decimal(34,0)",
      "comment": "test nest4"
    },
    {
      "tableIdentity": "DEFAULT.TEST_KYLIN_FACT",
      "tableAlias": "TEST_KYLIN_FACT",
      "columnName": "NEST5",
      "expression": "TEST_KYLIN_FACT.NEST3 * (TEST_KYLIN_FACT.ITEM_COUNT+100)",
      "innerExpression": "round((TEST_KYLIN_FACT.PRICE + 11) * 12, 0) * (TEST_KYLIN_FACT.ITEM_COUNT+100)",
      "datatype": "decimal(34,0)",
      "comment": "test nest4"
    }
  ],
  "last_modified": 1422435345352,
  "filter_condition": null,
  "partition_desc": {
    "partition_date_column": "DEFAULT.TEST_KYLIN_FACT.CAL_DT",
    "partition_date_start": 0,
    "partition_date_format": "yyyy-MM-dd",
    "partition_type": "APPEND"
  }
}
